id,subject,message
,,
,,
,,
4252,Re: קבוצה בוואטסאפ,"<div class=""text_to_html"">https://chat.whatsapp.com/HpgJFiEGwQq9Dq5Pyx80gz</div>"
,,
,,
,,
4270,נוסחת הבינום השנייה של ניוטון,"<p dir=""rtl"" style=""text-align:right;""><img src=""https://moodle.tau.ac.il/2022/pluginfile.php/247542/mod_forum/post/4270/image.png"" alt="""" class=""img-fluid"" style=""font-size:0.9375rem;"" /><br /></p><p dir=""rtl"" style=""text-align:right;""><br /></p><p dir=""rtl"" style=""text-align:right;"">אשמח אם מישהו שפתר את זה ישווה את הפתרון עם שלי/יבדוק אם הדרך נכונה :)</p><p dir=""rtl"" style=""text-align:right;""><br /></p><p dir=""rtl"" style=""text-align:right;"">איליה</p>"
5549,תשובה ל: נוסחת הבינום השנייה של ניוטון,"<div class=""text_to_html"">איליה שלום,<br />
ההוכחה שכתבת יפה מאוד.<br />
שים לב לשתי הנקודות הבאות:<br />
ניסוח ההוכחה טוען שלכל a,b ממשיים מתקיימת טענה מסויימת.<br />
על כן ההוכחה צריכה להתחיל ב-""יהיו a,b in R""<br />
בנוסף, כאשר הוצאת את b כגורם משותף, נאלצת לחלק ב-b, וזאת מבלי להתיחס לאפשרות שבה b=0.<br />
<br />
בכדי לתקן את ההוכחה שלך, לאחר שתרשום ""יהיו a,b in R"", תוכל להפריד למקרים בהם b=0 ו-b שונה מ-0/<br />
<br />
בהצלחה:)<br />
עדי</div>"
5607,תשובה ל: נוסחת הבינום השנייה של ניוטון,"<div class=""text_to_html"">היי עדי,<br />
<br />
תודה על ההערות.<br />
עבור b=0 הנחת האידוקציה הינה (a^n-b^n=0)<br />
כלומר אני צריך להוכיח שצעד האינדוקציה מקיים (   a^(n+1) - b^(n+1) = 0   )  ?<br />
<br />
תודה,<br />
איליה</div>"
7233,תשובה ל: נוסחת הבינום השנייה של ניוטון,"<div class=""text_to_html"">איליה שלום,<br />
אם אתה רוצה להשתמש בהוכחה שכתבת, אני ממליץ לנסות להוכיח בנפרד את הנוסחה עבור b=0, ואחר כך עבור b שאינו 0 להשתמש אינדוקציה.<br />
<br />
ניתן גם להוכיח את הטענה ללא הפרדה למקרים, שים לב כי לכל n טבעי ולכל a,b ממשיים מתקיים<br />
a^(n+1)-b^(n+1)=a^(n+1)-a*b^n+a*b^n-b^(n+1)=a(a^n-b^n)+(a-b)*b^n<br />
ואז יכול להיות נוח יותר להשתמש באינדוקציה.<br />
בהצלחה<br />
עדי</div>"
5153,סיכום שיעור2,"<p dir=""rtl"" style=""text-align:right;"">מתי עולה סיכום שיעור 2?</p><p dir=""rtl"" style=""text-align:right;"">אני ממש מצפה בקוצר רוח😁</p>"
5188,תשובה ל: סיכום שיעור2,"<div class=""text_to_html"">הוא עלה כבר! פשוט נמצא באותו קובץ של שיעור 1, בהמשך שלו.</div>"
5302,שאלה בנוגע לשתי נוסחאות בדף הטריגונומטריה,"<p dir=""rtl"" style=""text-align:right;"">שלום,</p><p dir=""rtl"" style=""text-align:right;"">רציתי לשאול בנוגע לנוסחאות 27 ו- 28 מדפי הטריגונומטריה:</p><p dir=""rtl"" style=""text-align:right;"">ה <strong>j</strong> שנמצא בתחתית הסיגמה לא אמור להיות בתוך ביטוי הארגומנט של סינוס/קוסינוס, או במקום כלשהו אחר בנוסחה? </p><p dir=""rtl"" style=""text-align:right;"">כי באופן כללי, אין כלל <strong>j</strong> בנוסחאות, ואני הבנתי לגבי סיגמות שהאות התחתונה (J) היא האינדקס שמשתנה (ושאותו מציבים כל פעם במקום הרלוונטי) עד שמגיעים לאיבר n.</p><p dir=""rtl"" style=""text-align:right;""><span style=""font-size:0.9375rem;"">תודה!</span><br /></p><p dir=""rtl"" style=""text-align:right;""><br /></p><p dir=""rtl"" style=""text-align:right;""><img src=""https://moodle.tau.ac.il/2022/pluginfile.php/247542/mod_forum/post/5302/image%20%281%29.png"" alt="""" class=""img-fluid"" /><br /></p>"
5545,תשובה ל: שאלה בנוגע לשתי נוסחאות בדף הטריגונומטריה,"<div class=""text_to_html"">שי שלום,<br />
אכן יש טעות בקובץ, עדכנתי אותו.<br />
תודה רבה:)<br />
עדי</div>"
5557,טעות ברשימות בשיעור 2?,"<p dir=""rtl"" style=""text-align:right;"">שלום.</p><p dir=""rtl"" style=""text-align:right;"">ברשימות של שיעור 2 ב2.5 חסמים הדוגמא השנייה, לוקחים את המספר 3 כדי להראות שהוא חסם מלעיל</p><p dir=""rtl"" style=""text-align:right;"">בשלב מסויים מציבים אותו במקום A^2 אבל שם הוא הופך לשבר 9/2, לא הבנתי מאיפה החלקי 2 הזה הגיע כי ה2 המצד השני הפכו אותו ל8/4, אז אולי הכוונתה הייתה 36/4?</p><p dir=""rtl"" style=""text-align:right;"">אשמח להסבר אם זאת טעות בהקלדה ואם לא אז מאיפה השבר 3/2 הגיע.</p><p dir=""rtl"" style=""text-align:right;"">תודה.</p>"
5620,תשובה ל: טעות ברשימות בשיעור 2?,"<div class=""text_to_html"">ידוע ש-a^2&lt;2 ו-((שלוש חלקי 2) בריבוע)=9/4 (ע""פ חוקי חזקות)<br />
9/4 &gt; 2 (כי 2=8/4)<br />
לכן גם a^2&lt;((3/2)^2)</div>"
5748,תשובה ל: טעות ברשימות בשיעור 2?,"<div class=""text_to_html"">אבל מאיפה הביאו את 3/2? סתם לקחו דוגמה? כי לפני רגע הם השתמשו ב3 שלם ועכשיו השתמשו ב3/2 ולא הבנתי אם זה היה בכוונה או לא</div>"
9148,תשובה ל: טעות ברשימות בשיעור 2?,"<div class=""text_to_html"">נכון,<br />
זו סתם דוגמא למשהו שגדול מ-2=8/4<br />
9/4 גדול מזה וזה בעצם (3/2) בריבוע, משמע שa&lt;3/2, כלומר הוא בוודאות קטן מ-3, <br />
לכן 3 הוא חסם מלעיל</div>"
5573,הוכחת למה זהות פסקל,"<p dir=""rtl"" style=""text-align:right;"">היי,</p><p dir=""rtl"" style=""text-align:right;"">האם מישהו יכול לשלוח את ההוכה של הלמה , מנסה באמצעות אינדוקציה ולא מצליח..<img src=""https://moodle.tau.ac.il/2022/pluginfile.php/247542/mod_forum/post/5573/Screenshot%202022-10-28%20164123.png"" alt=""למה זהות פסקל לבינום ניוטון"" width=""1061"" height=""210"" class=""img-fluid atto_image_button_text-bottom"" style=""font-size:0.9375rem;"" /></p>"
5612,תשובה ל: הוכחת למה זהות פסקל,"<div class=""text_to_html"">היי,<br />
אשמח אם תוודא אותי על הדרך :)</div>"
7241,תשובה ל: הוכחת למה זהות פסקל,"<div class=""text_to_html"">אני ממליץ לנסות לרשום את אגף שמאל ולהיעזר בהגדרה של מקדם הבינום.<br />
לאחר שימוש בהגדרת העצרת ובמכנה משותף - ניתן להגיע לתוצאה הרצויה.<br />
אין בהכרח צורך להשתמש באינדוקציה.<br />
<br />
עדי</div>"
6424,הקלטה - שיעור השלמה ,"<p dir=""rtl"" style=""text-align:right;"">היי,</p><p dir=""rtl"" style=""text-align:right;"">האם השיעור השלמה יהיה זמין לצפייה גם ביום שלישי הקרוב? </p><p dir=""rtl"" style=""text-align:right;"">תודה,<br />מאי</p>"
7242,תשובה ל: הקלטה - שיעור השלמה ,"<div class=""text_to_html"">מאי שלום,<br />
השיעור ישאר זמין לפחות עד יום שלישי הקרוב.<br />
בברכה,<br />
עדי</div>"
7714,שעות קבלה,"<p dir=""ltr"" style=""text-align:left;"">?היי, יש מועד ושעה לשעות הקבלה</p>"
8130,תשובה ל: שעות קבלה,"<div class=""text_to_html"">היי מיכאל, <br />
<br />
לכל מרצה ומתרגל יש את שעת הקבלה שלו, מוזמן לפנות למתרגל/ת שלך במייל כדי לקבל את השעה והמקום המתאימים לקבוצה שלך.<br />
<br />
גיל בר</div>"
9159,אקסיומת השלמות עבור קבוצה חסומה מלרע,"<p dir=""rtl"" style=""text-align:right;"">היי,</p><p dir=""rtl"" style=""text-align:right;"">אני מצרף ניסיון שלי להוכחה של ""גרירת"" אקסיומת השלמות גם עבור קבוצות חסומות מלרע.</p><p dir=""rtl"" style=""text-align:right;"">אשמח להערות,</p><p dir=""rtl"" style=""text-align:right;"">איליה</p><p dir=""rtl"" style=""text-align:right;""><img src=""https://moodle.tau.ac.il/2022/pluginfile.php/247542/mod_forum/post/9159/image.png"" alt="""" class=""img-fluid"" /><br /></p>"
9167,תשובה ל: אקסיומת השלמות עבור קבוצה חסומה מלרע,"<div class=""text_to_html"">מינוס אלפא חסם מלרע של A ***</div>"
10365,תשובה ל: אקסיומת השלמות עבור קבוצה חסומה מלרע,"<div class=""text_to_html"">איליה שלום,<br />
ראשית, תודה רבה על שאתה מעלה לפורום את שאלותייך, זה תורם מאוד לכלל התלמידים.<br />
שנית, מקריאת ההוכחה שכתבת ניתן להתרשם שאתה מבין את הרעיון הכללי של ההוכחה, שזה נהדר.<br />
עם זאת, יש לחזק את היכולת להשתמש בצורה נכונה בכמתים, דבר שהוא שכיח מאוד בתחילת הקורס שלנו.<br />
בכדי לעזור, העליתי למודל קובץ עם ההוכחה של הטענה הזו, והכנסתי הסברים על האופן שבו כתבתי את ההוכחה.<br />
אני מקווה שהמסמך שכתבתי יהיה שימושי עבורך ועבור יתר התלמידים.<br />
בברכה,<br />
עדי</div>"
10579,תשובה ל: אקסיומת השלמות עבור קבוצה חסומה מלרע,"<div class=""text_to_html"">היי עדי,<br />
<br />
תודה רבה על ההבהרות!<br />
<br />
איליה</div>"
9164,"הוכחת תרגיל בית ע""מ 24 ברשימות קורס","<p dir=""rtl"" style=""text-align:right;"">היי,</p><p dir=""rtl"" style=""text-align:right;"">ניסיתי להוכיח את התרגיל הבא:<br /><img src=""https://moodle.tau.ac.il/2022/pluginfile.php/247542/mod_forum/post/9164/image%20%281%29.png"" alt="""" class=""img-fluid"" style=""font-size:0.9375rem;"" /></p><p dir=""rtl"" style=""text-align:right;"">אשמח אם מישהו/י יתנו לי חוות דעת,</p><p dir=""rtl"" style=""text-align:right;""><br /></p><p dir=""rtl"" style=""text-align:right;"">איליה</p><p dir=""rtl"" style=""text-align:right;""><br /></p><p dir=""rtl"" style=""text-align:right;"">ההוכחה:</p><p dir=""rtl"" style=""text-align:right;""><img src=""https://moodle.tau.ac.il/2022/pluginfile.php/247542/mod_forum/post/9164/image.png"" alt="""" class=""img-fluid"" /><br /></p>"
9279,"תשובה ל: הוכחת תרגיל בית ע""מ 24 ברשימות קורס","<div class=""text_to_html"">היי איליה,<br />
<br />
חסרים מעברים לא טריוויאלים באי-השוויון הראשון שיש להסביר ולפרט. <br />
כמו כן, שים לב ש-n השני שסימנת אינו בהכרח מספר טבעי.</div>"
9801,"תשובה ל: הוכחת תרגיל בית ע""מ 24 ברשימות קורס","<div class=""text_to_html"">תודה רבה גיל 😀</div>"
10434,הוכחת דוגמא חסם מלרע ברשימות הרצאה 2,<p>שלום&nbsp;</p><p>אשמח להסבר על ההוכחה בדוגמא המצורפת בעיקר על עניין בחירת&nbsp;</p><p>a</p><p>בתור מינימום של שני המספרים המיוחסים והלאה&nbsp;</p><p>(כאילו מאיפה המחשבה ולמה מקדם את ההוכחה)</p><p>תודה</p><p><br></p>
10880,תשובה ל: הוכחת דוגמא חסם מלרע ברשימות הרצאה 2,"<div class=""text_to_html"">עידן שלום,<br />
תוכל בבקשה לנסח במדויק את השאלה שלך בכדי שאוכל לתת תשובה ממוקדת?<br />
בברכה,<br />
עדי</div>"
10454,הוכחת קבוצת הטבעיים כאינסופית - נספח רשימות 2,<p>אשמח להסבר על ההוכחה המצורפת&nbsp;</p>
10881,תשובה ל: הוכחת קבוצת הטבעיים כאינסופית - נספח רשימות 2,"<div class=""text_to_html"">עידן שלום,<br />
תוכל בבקשה לנסח במדויק את השאלה שלך בכדי שאוכל לתת תשובה ממוקדת?<br />
בברכה,<br />
עדי</div>"
10539,תרגיל 6א מטלת בית 2,<p>האם x שייך לטבעיים או לממשיים?</p>
10883,תשובה ל: תרגיל 6א מטלת בית 2,"<div class=""text_to_html"">יונתן שלום,<br />
x יכול להיות כל מספר ממשי חיובי.<br />
בברכה,<br />
עדי</div>"
10878,הגדרת אפסילון ( הוכחת חסמים של קבוצות),"שבוע טוב!<br /><div>במהלך עבודה על תרגיל 2 נתקלתי בשאלות / תהיות בנושא הגדרה של אפסילון והוכחת חסם עליון / תחתון, ואשמח אם תוכלו לעזור לי. (העליתי את הנושא גם עם מספר חברים ולא הגענו למסקנה חותכת כלשהי)</div><div><br /></div><div><div>1) האם זה בסדר להגדיר אפסילון שווה ביטוי כלשהו או שנוצרת כאן הגבלת כלליות? </div><div>במידה ואי אפשר להגדיר אפסילון, האם השיטה היא להגדיר את הנעלם (איבר בקבוצה) באמצעות אפסילון?</div><div><br /></div><div>2) במידה וניתן להגדיר אפסילון כללי, האם צריך להפריד לתחומים עבור אפסילון בין אפס לאחד וגדול מאחד או שניתן להוכיח רק על אפסילון מאוד קטן ומשם להשליך כי אם זה נכון עבור אפסילון ״שואף״ ל0 זה בוודאי יהיה נכון עבור ערכים גדולים יותר שלו.</div></div><div>באותו הקשר, האם זה בסדר להגדיר אפיסלון שמייצג לדוג׳ בהכרח רק ערכים רציונליים, והאם זה לא מתנגש עם חובת ההוכחה ל<b>כל</b> אפסילון שגדול מ0. (או שבדומה לתחילת שאלה 2, אם מוכיחים כי תמיד יהיה מספר קטן יותר לדוג׳ אחד חלקי n טבעי, ההוכחה תקפה כי הוכחנו עבור מספר שתמיד יכול להיות קטן)</div><div><br /></div><div>מצרף צילום מסך מתוך הפתרון שלי לאחת השאלות בתרגיל הבית לשם המחשה של הסוגייה.</div><div></div><div><br /></div><div><br /></div><div>תודה רבה ושבוע טוב!</div><div><br /></div><div>שילה.</div><br />"
10893,תשובה ל: הגדרת אפסילון ( הוכחת חסמים של קבוצות),"<div class=""text_to_html"">שילה שלום,<br />
התשובה לשאלות שלך היא תלויית הקשר.<br />
קשר אנחנו רוצים *להוכיח* שעצם מסויים מקיים טענה מסויימת ובטענה המשתנה אפסילון מופיע עם הכמת *לכל*  (למשל, שמספר מסויים הוא חסם עליון של קבוצה מסויימת), אז בהוכחה צריכה להופיעה האמירה ""יהי אפסילון"", ואז לא ניתן להניח על אפסילון דבר, פרט למה שהטענה דורשת (למשל, אפסילון חיובי).<br />
ניתן לראות דוגמה לכך בדוגמה הראשונה שמופיעה אחרי הערה 2.20 ברשימות.<br />
<br />
מנגד, כאשר אנחנו רוצים להשתמש בעובדה שעצם מסויים מקיים טענה מסויימת  ובטענה המשתנה אפסילון מופיע עם הכמת *לכל* (למשל סדרה שמתכנסת למספר סופי), אז נוכל לבחור את אפסילון כרצוננו ובתנאי שהוא מקיים את דרישות הטענה.<br />
ניתן לראות דוגמה לכך בהוכחת טענה 3.11 ברשימות.<br />
<br />
אני מקווה שההסבר מובן<br />
אשמח לענות על שאלות נוספות,<br />
בברכה,<br />
עדי</div>"
10898,תשובה ל: הגדרת אפסילון ( הוכחת חסמים של קבוצות),"<div class=""text_to_html"">תודה רבה על המענה המהיר!<br />
<br />
ובצילום המסך שצירפתי, האם זהו מהלך תקין?<br />
כלומר, לא הנחתי דבר על אפסילון, אך כן הוכחנו בשיעור שלכל אפסילון מתקיימת הטענה כי קיים 1 חלקי n שקטן ממנו. ובעזרת הטענה הזו הוכחתי דבר מסוים</div>"
10949,תשובה ל: הגדרת אפסילון ( הוכחת חסמים של קבוצות),"<div class=""text_to_html"">מהצילום לא ברור מה הטענה שמנסים להוכיח לכן לא ניתן לענות על השאלה.<br />
אשמח לניסוח המלא של השאלה ולנסיון הפתרון המלא בכדי שאוכל להתייחס.<br />
<br />
עדי</div>"
11024,תשובה ל: הגדרת אפסילון ( הוכחת חסמים של קבוצות),נוסח השאלה המלא :<br />
12148,תשובה ל: הגדרת אפסילון ( הוכחת חסמים של קבוצות),"<div class=""text_to_html"">בתרגיל הזה מתבקשים למצוא (בין היתר) חסם עליון עבור הקבוצה C.<br />
בכדי *להוכיח* כי 1 הוא חסם עליון של C, צריך להשתמש בהגדרת חסם עילון ולהוכיח כי 1 מקיים אותה עבור הקבוצה C.<br />
בהגדרה מופיע המשתנה אפסילון עם הכמת *לכל*, על כן לא ניתן להניח על אפסילון הנחות כלל, פרט להיותו מספר ממשי חיובי.<br />
<br />
מקווה שזה מובן יותר כעת:)<br />
עדי</div>"
11118,ריכוז הגדרות טענות ומשפטים מהשיעור,"<p>היי</p><p>ריכזתי לקובץ אחד את רוב ההגדרות, משפטים וטענות שלמדנו עד כה בהרצאות ובתרגולים.</p><p>מקווה שהכל באמת נמצא, זה מעודכן עד לחומר הנלמד בסוף השבוע השני לסמסטר,כולל.</p><p>מוזמנים להיעזר 😊</p>"
13525,שאלה 5ב מטלת בית2,"<p>היי,</p><p>אשמח לעזרה בהוכחת סעיף ב שאלה 5 עקרון הסדר הטוב הכללי&nbsp;</p><p>מצטרף ההוכחה שהצלחתי להגיע אליה עד כה.</p><p><br></p><p><br></p>"
14521,אינדוקציה בשאלה 5- תרגיל בית 2,"שלום,<br />מצרף שגיאה שהייתה לי בביצוע שאלה 5 בשיעורי בית בתקווה להבין מה הייתה התקלה.<br />ניסיתי לפתור את השאלה באינדוקציה על מספר האיברים בקבוצה.<br /><strong>בסיס- </strong>הנחתי שבקבוצה בעל איבר אחד יש איבר מינימלי<br /><strong>צעד- </strong>הנחתי שבקבוצה עם n איברים יש מספר מינימלי ואז נוכיח כי עם יש n+1 איברים גם יש. האיבר הנוסף הוא הוא המינימלי החדש או שזה שהיה מינימלי לפניי כן הוא המינימלי. בכל אופן מתקיים מינימלי. כביכול הוכחתי את הטענה.<br />אח""כ ביצעתי את אותו דבר מחשבתית על איבר מקסימלי בקבוצת הטבעיים. <strong>כביכול</strong> הוכחתי שיש אביר מקסימלי (דבר שאנו יודעים שאינו נכון).<br />אשמח לחידוד מה השגיאה (לא ראיתי באינדוקציה הגבלות מלבד שהיא צריכה להתבסס על מספרים טבעיים.<br />מצרף את הטיוטה.<br />תודה גדולה,<br />נרי<br />"
14634,תשובה ל: אינדוקציה בשאלה 5- תרגיל בית 2,"<div class=""text_to_html"">היי נרי, <br />
<br />
לא קראתי עד סוף ההוכחה אבל חשוב לציין שישנן תתי-קבוצות של הטבעיים שהן אינסופיות, ובפרט אין שום מספר טבעי שיכול לתאר את ""מספר איברי הקבוצה"". על כן, גם אם האינדוקציה נכונה, זה עדיין לא מספיק על מנת להוכיח את עקרון הסדר הטוב. <br />
<br />
הגיוני שעל קבוצות סופיות הצלחת להוכיח שיש איבר מקסימלי - לכל קבוצה סופית של מספרים טבעיים יש איבר מקסימלי. זו אכן טענה נכונה. קבוצות הטבעים שלהן אין איבר מקסימלי הן האינסופיות, אשר כאמור מתפספסות כאשר האינדוקציה היא על מספר איברי הקבותה. <br />
<br />
גיל בר</div>"
15110,תשובה ל: אינדוקציה בשאלה 5- תרגיל בית 2,"<p dir=""rtl"" style=""text-align:right;""><img src=""https://moodle.tau.ac.il/2022/pluginfile.php/247542/mod_forum/post/15110/image.png"" alt="""" class=""img-fluid"" /><br /></p>"
15112,תשובה ל: אינדוקציה בשאלה 5- תרגיל בית 2,"<div class=""text_to_html"">תודה על המענה המהיר,<br />
שלחי שוב רק שהפעם נעזרתי בהצעה כדי לתחום את גודל האיברים בתוך הקבוצה וכך להימנע מהאינסופיות שפגעה בכבילות האינדוקציה בפתרון הקודם. האם זאת כוונת המשורר?<br />
תודה גדולה,<br />
נרי</div>"
14526,הגבלות על שימוש בכלל ארכימדס,"<p dir=""rtl"" style=""text-align:right;"">שלום,</p><p dir=""rtl"" style=""text-align:right;"">איזה הגבלות קיימות על שימוש בכלל ארכימדס?</p><p dir=""rtl"" style=""text-align:right;"">הוא מנוסח ככה:</p><p dir=""rtl"" style=""text-align:right;""><img src=""https://moodle.tau.ac.il/2022/pluginfile.php/247542/mod_forum/post/14526/image.png"" alt="""" class=""img-fluid"" /><br /></p><p dir=""rtl"" style=""text-align:right;""><span>אך למיטב הבנתי חייבת להיות איזהשהי הגבלה על היחס בין </span><strong>X n Y .</strong></p><p dir=""rtl"" style=""text-align:right;""><span>בתנאים שרשומים כאן אפשר לטעון  כביכול ש קיימים  משתנים שמקיימים לדוגמה </span><strong>: n*0.5&gt;n</strong></p><p dir=""rtl"" style=""text-align:right;""><strong>תודה רבה,</strong></p><p dir=""rtl"" style=""text-align:right;""><strong>נרי</strong></p>"
14637,תשובה ל: הגבלות על שימוש בכלל ארכימדס,"<div class=""text_to_html"">היי נרי, <br />
<br />
למה אפשר לטעון זאת מתכונת ארכימדס? <br />
מי הם x,y בדוגמה שהצגת?</div>"
15002,תשובה ל: הגבלות על שימוש בכלל ארכימדס,"<p dir=""rtl"" style=""text-align:right;""><img src=""https://moodle.tau.ac.il/2022/pluginfile.php/247542/mod_forum/post/15002/image.png"" alt="""" class=""img-fluid"" /><br /></p>"
15005,תשובה ל: הגבלות על שימוש בכלל ארכימדס,"<div class=""text_to_html"">צירפתי את התרגיל שרציתי להעזר בתכונה כדי להוכיח SUP. מכיוון שיש לי הגבלה אחת על( n(  n&gt;m.  אז בעזרתם אני יכול לבחור כל y . במקרה הזה אני לא רואה בעיה להשתמש בתכונה כדי להוכיח. מנגד קיימת עדיין בעיה של להביא את Y באמצעות n (שבתלות מסוימת פוגעת בקיום התכונה כפי שהצגתי קודם לדוגמה) . שאלתי האם יש הגבלה כלשהי בהוכחה כזאת במקרה כאן?<br />
תודה,<br />
נרי</div>"
15076,תשובה ל: הגבלות על שימוש בכלל ארכימדס,"<div class=""text_to_html"">היי נרי. מה שכתבת בפתרון שלך זה לא מה שתכונת ארכימדס אומרת. <br />
<br />
מה שהיא אומרת זה שלכל שני מספרים ממשיים x,y, אם x הוא מספר חיובי, אז קיים מספר טבעי שמתאים להם ספציפית n, עבורו n*x&gt;y. <br />
אני אוהבת לחשוב על זה באופן הבא: קיים מספר סופי של פעמים שאני יכולה לחבר את הערך x לעצמו עד שאני אעקוף את הערך המספרי y. <br />
שים לב ש-n הזה הוא לא כל מספר טבעי שהוא. יש לנו כמת *קיים* לפניו, והוא מותאם לכל שני ערכי x,y בנפרד.<br />
<br />
(למשל, x=1,y=2 אז מתאים להם בין היתר הערך n=3. בכיוון ההפוך, x=2,y=1, מתאים להם בין היתר הערך n=1 שלא מתאים לזוג המספרים הקודם)<br />
<br />
האם זה יותר ברור?</div>"
15141,תשובה ל: הגבלות על שימוש בכלל ארכימדס,"<div class=""text_to_html"">היי,<br />
מבין את מה שאת אומרת אני פשוט טוען שמכיוון שקיים כמת קיים גם על M וN אז אני יכול לייצר כל Y כך שיתאים לי. באופן הבא אני עונה על הקריטריונים של לכל XY  ממשיים קיים N כך ש מתקיים תכונת ארכימדס.<br />
לא כך?<br />
נרי</div>"
15815,תשובה ל: הגבלות על שימוש בכלל ארכימדס,"<div class=""text_to_html"">נרי שלום,<br />
ממליץ לרשום במפורש את ההחלק שבו יש שימוש בתכונת ארכימדס, ולוודא שהשימוש אכן תואם לניסוח המקורי שהיצגנו.</div>"
15523,אריתמטיקה של גבולות אינסופיים,"<p dir=""rtl"" style=""text-align:right;"">בנספח של שיעור 5 רשום בסעיף 3.1 על הגבול של an חלקי an וב3.2 רשום על הגבול של bn חלקי bn.<br /> האם זה טעות? לא ברור מה הקשר בין bn לגבול של an חלקי an</p><p dir=""rtl"" style=""text-align:right;""><br /></p>"
15819,תשובה ל: אריתמטיקה של גבולות אינסופיים,"<div class=""text_to_html"">יונתן שלום,<br />
אכן יש שם טעות, עדכנתי את הרשימות ותיקנתי את הטעות.<br />
תודה רבה לך<br />
עדי</div>"
15656, אך נבחר ה-x שמתבוננים בו,"שאלה קצת כללית אבל,למשל בשאלה 4 במטלה 2 האם מקובל להתבונן ב a שמופיע בתמונה? או שהוא צריך להיות מהצורה שורש n פחות הערך השלם התחתון של שורש n (בלי הוספת והחסרת משהו, כלומר ה איפסלון צריך להיות בתוך השורש) ?<img src=""https://moodle.tau.ac.il/2022/pluginfile.php/247542/mod_forum/post/15656/20221111_170431.jpg"" alt="".."" width=""498"" height=""123"" class=""img-fluid atto_image_button_text-bottom"" />"
15821,תשובה ל:  אך נבחר ה-x שמתבוננים בו,"<div class=""text_to_html"">כאשר רוצים להוכיח כי 1 הוא חסם עליון של הקבוצה יש להוכיח ש-1 מקיים את שני התנאים הדרושים.<br />
בהוכחה פה יש ניסיון להוכיח את אחד התנאים : לכל epsilon&gt;0 קיים a ששיך ל-A כך ש-a&gt;1-epsilon.<br />
<br />
כאשר מתבוננים באיבר מסויים, צריך להוכיח שהוא אכן שייך לקבוצה A.<br />
אני חושש שהאיבר a שרשמת אינו שייך לקבוצה A ולכן הוא לא יעזור בהוכחת הטענה.</div>"
15968,שיעורי בית 3 שאלה 4,<p>הכוונה שהקבוצה c מכילה את איברי a האי זוגיים ואיברי b הזוגיים? לא כל כך הבנתי את הסימון שCn= ak כש-n הוא בכלל זה שמוגדרת עליו אי זוגיות</p>
17103,תשובה ל: שיעורי בית 3 שאלה 4,"<div class=""text_to_html"">ניר שלום,<br />
האם הכוונה לשאלה 3ב' מתרגיל בית 3?<br />
אם כן, מוגדרת שם סדרה {c_n} באופן הבא: לכל n טבעי חיובי, אם n זוגי, אז קיים k טבעי כך ש-n=2k ואז מגדירים c_n=b_k. אם n אי-זוגי, אז קיים k טבעי כך ש-n=2k-1 ואז מגדירים c_n=a_k.<br />
מקווה שזה מובן יותר כעת,<br />
עדי</div>"
16805,בקשה לפתרון עבודת תחילת הקורס,"שלום, <br />האם אפשר לפרסם את הפתרון של עבודת תחילת הקורס?<br /><br />תודה רבה!<br />"
17108,תשובה ל: בקשה לפתרון עבודת תחילת הקורס,"<div class=""text_to_html"">יותם שלום,<br />
בהמשך יתפרסמו פתרונות לתרגילים נבחרים מעבודת תחילת הקורס.<br />
בברכה<br />
עדי</div>"
16822,אריתמטיקה של גבולות,<p>אם מתקיים גבול של a כפול גבול של a ניתן לכתוב כי זה (גבול של a) בריבוע?&nbsp;</p>
17110,תשובה ל: אריתמטיקה של גבולות,"<div class=""text_to_html"">טל שלום,<br />
אני לא בטוח שהצלחתי להבין את השאלה במדויק.<br />
יש אפשרות לרשום באופן פורמלי את השאלה?<br />
בברכה,<br />
עדי</div>"
17118,תשובה ל: אריתמטיקה של גבולות,"<p>לפי אריתמטיקה של גבולות מתקיים:</p><p>גבול (an כפול bn) שווה לגבול an כפול גבול bn</p><p>כאשר יש לי גבול (an כפול an) , האם אפשר לכתוב שזה שווה לגבול2^(an)?&nbsp;</p><p>כלומר ל(גבול an) בריבוע?</p><p>מקווה שעכשיו ברור יותר, תודה!</p>"
22288,תשובה ל: אריתמטיקה של גבולות,"<div class=""text_to_html"">טל שלום,<br />
בהנחה שהגבול קיים בהחלט ניתן לעשות זאת.<br />
בברכה,<br />
עדי</div>"
18334,שאלה 4 תרגיל 2 מציאת אפסילון,"<p>שלום,</p><p>הסתבכתי במציאת חסם עליון בחלק של מציאת ביטוי שעבור התקיים אפסילון גדול מ-0</p><p>הסתכלתי על הפתרונות וגם אותם לא הבנתי איך מצאו את הביטוי</p>"
18557,תשובה ל: שאלה 4 תרגיל 2 מציאת אפסילון,"<div class=""text_to_html"">דניאל שלום,<br />
תוכל בבקשה להסביר איזו טענה בדיוק לא הבנת בפתרון של שאלה 4?</div>"
18711,תשובה ל: שאלה 4 תרגיל 2 מציאת אפסילון,אני לא מבין את המעבר פה איך הוא קורה
19277,תשובה ל: שאלה 4 תרגיל 2 מציאת אפסילון,"<div class=""text_to_html"">מתקיים<br />
n^2=&lt;(n+1)^2-1&lt;(n+1)^2<br />
לכן<br />
n&lt;=((n+1^2-1)^0.5
על כן מיחידות הערך השלם נסיק כי n=((n+1^2-1)^0.5.</div>"
18825,תהייה בנוגע לגבול של שורש בשלישית,"<p dir=""rtl"" style=""text-align:right;"">הוכחנו בתרגיל בית שמתקיימת הטענה הבאה לכל סדרה an.</p><p dir=""rtl"" style=""text-align:right;""><img src=""https://moodle.tau.ac.il/2022/pluginfile.php/247542/mod_forum/post/18825/image%20%282%29.png"" alt="""" class=""img-fluid"" /><br /></p><p dir=""rtl"" style=""text-align:right;"">האם גם הטענה הבאה נכונה?</p><p dir=""rtl"" style=""text-align:right;""><img src=""https://moodle.tau.ac.il/2022/pluginfile.php/247542/mod_forum/post/18825/image%20%283%29.png"" alt="""" class=""img-fluid"" /><br /></p>"
22293,תשובה ל: תהייה בנוגע לגבול של שורש בשלישית,"<div class=""text_to_html"">דניאל שלום,<br />
אם הגבול של הסדרה {an} קיים אז אכן השוויון שרשמת נכון.<br />
יש לנמק השימוש.<br />
בברכה,<br />
עדי</div>"
20967,נספח שיעור 7,"<p dir=""rtl"" style=""text-align:right;"">שלום :)</p><p dir=""rtl"" style=""text-align:right;"">נאמר בהרצאה בנוגע לנספח שיעור 7 שיש בו חלק מסוים שהוא בגדר העשרה - מדובר בחלק של חזקות ממשיות? כמובן שאשמח לדעת גם אם פספסתי ומצופה או כדאי שנעבור על כל הנספח.</p><p dir=""rtl"" style=""text-align:right;"">תודה מראש!</p>"
22295,תשובה ל: נספח שיעור 7,"<div class=""text_to_html"">דניאל שלום,<br />
החלק של חזקות ממשיות הוא אכן בגדר העשרה, שכן את חוקי החזקות למדתם בתיכון, בנספח רק סביר כיצד ניתן להגדיר באופן פורמלי חזקות במספר ממשי.<br />
כמו כן, הוכחת הלמה של קנטור וצפיפות הרציונליים גם היא בגדר העשרה.<br />
בברכה,<br />
עדי</div>"
21568,מטלה 4 שאלה 3 ג,"<p dir=""rtl"" style=""text-align:right;"">היי!<br /></p><p dir=""rtl"" style=""text-align:right;"">האם ניתן להניח בשאלה 3ג שa<sub>n</sub> חיובי? או שבכוונה זה לא מידע שניתן? </p><p dir=""rtl"" style=""text-align:right;"">תודה רבה</p>"
22118,תשובה ל: מטלה 4 שאלה 3 ג,"<div class=""text_to_html"">היי עדן,<br />
<br />
הוסף הרגע תיקון שאכן ב-3ג' יש להניח שאיברי הסדרה חיוביים. <br />
<br />
גיל בר</div>"
21829,חסרות תשובות בקובץ הפתרונות של תרגיל בית 3,"<p dir=""rtl"" style=""text-align:right;"">שלום, פתרון שאלה 8 בתרגיל בית מספר שלוש הועלה באופן חלקי, אשמח אם תהיה אפשרות להעלות את הפתרון המלא שלה,</p><p dir=""rtl"" style=""text-align:right;"">תודה</p>"
22962,תשובה ל: חסרות תשובות בקובץ הפתרונות של תרגיל בית 3,"<div class=""text_to_html"">מצטרף לבקשה – פרסמתם פתרון מאוד מפורט, אבל השאלות הללו יורדות לשורש ההבנה של מושג הגבול וזה ממש יעזור אם תוכלו לפרסם פתרון מלא.</div>"
23218,תשובה ל: חסרות תשובות בקובץ הפתרונות של תרגיל בית 3,"שלום לכולם,<br>אנחנו נשתדל להעלות את ההשלמה המדוברת.<br>בד בבד, נשמח אם מי מכם יחלוק איתנו את הפתרון הכתוב שלו בכדי שכלל התלמידים יוכלו להנות ממנו.<br>אנחנו כמובן זמינים להתייעצויות, אם תרצו בכך, בכדי שהפתרון של מי שיחלוק איתנו יהיה כתוב כמו שצריך.<br>בברכה,<br>צוות הקורס<br>"
23237,תשובה ל: חסרות תשובות בקובץ הפתרונות של תרגיל בית 3,"<div class=""text_to_html"">תודה עדי. אולי כפתרון ביניים תוכלו לומר איזו טענה נכונה (הוכחה) / ואיזו לא (הפרכה) (כי ייתכן ש״הוכחתי״ שטויות בש״ב)?</div>"
23264,Re: תשובה ל: חסרות תשובות בקובץ הפתרונות של תרגיל בית 3,<p>מצ״ב ההוכחות שלי; רק אסייג שאני בסימן שאלה לגבי חלקן ולכן העלתי את ההודעה הזו לפורום מלכתחילה</p><p>אשמח מאוד לקבל פידבק</p>
24901,תשובה ל: Re: תשובה ל: חסרות תשובות בקובץ הפתרונות של תרגיל בית 3,"<div class=""text_to_html"">נגה שלום,<br />
תודה שחלקת את הפתרון שלך.<br />
הרעיונות שכתבת לסעפים ב',ג',ה',ו' הם נכונים, עם זאת, לא השתמשת בתבנית ההוכחה שאנו עובדים איתה. ממליץ לחזור על התבנית שבה כתובות ההוכחות בהרצאות והתרגולים ולראות כיצד לבצע התאמות. מוזמנת כמובן להתייעץ איתי.<br />
בסעיף ד' בחרת את אפסילון להיות הערך השלם העליון של אחד חלקי n, זה תמיד יוצא 1. כמו כן, אחד חלקי n תמיד יהיה קטן או שווה ל-1, ולא גדול מ-1.<br />
אם היית בוחרת את הערך השלם התחתון, אז היית מקבלת שאפסילון הוא 0 (כאשר n&gt;=2), וזה לא עונה על הדרישות. ממליץ לנסות לחשוב שוב על הפתרון.<br />
<br />
זמין להתייעצויות,<br />
עדי</div>"
22002,תרגיל בית 3 שאלה 5 (שאלה קטנה על הפתרון הרשמי),"<p dir=""rtl"" style=""text-align:right;"">שלום, לגבי המעבר שסימנתי בכחול: בעצם למה שהוא יהיה נכון? נניח שk=10 ו n=1, אז סכום האיברים שמכיל בין היתר את M יותר גדול מאשר איבר אחד (גם אם הוא המקסימלי) כפול 1. או שאני לא יכולה ""לבחור"" k&gt;n? אם לא, למה לא?</p><p dir=""rtl"" style=""text-align:right;"">או שאולי הכוונה לk כפול M מתחת לשורש במקום n? ואם כן, למעשה ניתן בעצם להשתמש עדין בטענה שk בשורש n שואף לאחד (לפי גבולות ידועים), או שבגלל שהמספר בחזקה והמספר מתחת לשורש לאו דווקא אותו הדבר וk משתנה ולא קבוע c אז זה בעייתי מבחינה פורמלית? <img src=""https://moodle.tau.ac.il/2022/pluginfile.php/247542/mod_forum/post/22002/image.png"" alt="""" class=""img-fluid"" style=""font-size:0.9375rem;"" /></p>"
23185,רקורסיה / אינדוקציה,"<p dir=""rtl"" style=""text-align:right;"">אם אני מבין נכון רקורסיה היא כלל נסיגה (אפילו מילולית). למשל הפונקציה שמחשבת את n!:</p><p dir=""rtl"" style=""text-align:right;""><img src=""https://moodle.tau.ac.il/2022/pluginfile.php/247542/mod_forum/post/23185/image.png"" alt="""" class=""img-fluid"" /></p><p dir=""rtl"" style=""text-align:right;"">מצד שני, בכל ההוכחות שראינו שבנינו את הסדרה רצויה ב""רקורסיה"", בעצם הגדרנו את n1, הנחנו שיש לנו כבר n איברים ביד, ואז הוספנו את n+1 – כלומר זו לא אינדוקציה לכל דבר ועניין על האינדקסים של איברי הסדרה שבנינו?</p><p dir=""rtl"" style=""text-align:right;"">זה לא מהותי להבנת החומר, אבל עדיין – זו טכניקה חוזרת בהוכחות הללו, לכן תוכלו בבקשה להבהיר מהי הטרמינולוגיה המדויקת?<br /></p><p dir=""rtl"" style=""text-align:right;""><br /></p><p dir=""rtl"" style=""text-align:right;""><br /></p>"
23220,תשובה ל: רקורסיה / אינדוקציה,"<div class=""text_to_html"">רומן שלום,<br />
ההבדל העקרוני בין אינדוקציה לרקורסיה הוא שבאינדוקציה מוכיחים טענה בעוד שברקורסיה בונים סדרה של איברים (למשל סדרת העצרת כפי שמופיעה בתמונה שצירפת).<br />
מקווה שזה מובן יותר כעת,<br />
אשמח לחדד עוד אם צריך,<br />
בברכה,<br />
עדי</div>"
23238,תשובה ל: רקורסיה / אינדוקציה,"<div class=""text_to_html"">תודה עדי, זה מובן.</div>"
24019,2 שאלות הבנה קטנות לגבי טענות 3.48 ו-3.65,"<p dir=""rtl"" style=""text-align:right;"">היי עדי וצוות הקורס,</p><p dir=""rtl"" style=""text-align:right;""><u>לגבי הוכחת 3.48</u></p><p dir=""rtl"" style=""text-align:right;""><img src=""https://moodle.tau.ac.il/2022/pluginfile.php/247542/mod_forum/post/24019/Lecture_notes_-_Calculus_1B_14112022.png"" alt="""" class=""img-fluid atto_image_button_text-bottom"" width=""1200"" height=""1200"" /><br /></p><p dir=""rtl"" style=""text-align:right;"">אני חושב שהבנתי (כמעט) הכל – רק דבר אחד קטן מבלבל אותי, מה מבטיח שתת הסדרה עולה ממש? ברור שהקטע הולך ומצטמצם, ושיש שם אינסוף איברים, ושאנחנו מגדילים את האינדקסים של תת הסדרה שאנחנו בונים בהתאם לגידול האינדקסים של הסדרה האם, אבל לא צריך להוסיף איזו דרישונת לגבי האיברים עצמם שגם האיבר שאנחנו בוחרים יהיה יותר גדול?</p><p dir=""rtl"" style=""text-align:right;"">ברור שממקום מסוים יש עליה, אבל האם זה בהכרח נכון לגבי כל איבר ואיבר?<br /></p><p dir=""rtl"" style=""text-align:right;"">סליחה אם זה מובן מאליו, פשוט יש הרבה ניואנסים וקל להתבלבל.</p><p dir=""rtl"" style=""text-align:right;""><u>לגבי טענה </u><u>3.65<br /></u></p><p dir=""rtl"" style=""text-align:right;""><img src=""https://moodle.tau.ac.il/2022/pluginfile.php/247542/mod_forum/post/24019/Lecture_notes_-_Calculus_1B_14112022.png.png"" alt="""" class=""img-fluid atto_image_button_text-bottom"" width=""615"" height=""116"" /><br /></p><p dir=""rtl"" style=""text-align:right;"">אם הבנתי נכון, אנחנו זקוקים ל-2 התנאים כי:</p><p dir=""rtl"" style=""text-align:right;"">2 דואג לכך ש-L הוא הסופרמום של הקבוצה (פשוט ההגדרה של סופרמום שראינו בתחילת הקורס).</p><p dir=""rtl"" style=""text-align:right;"">ו-1 דואג לכך שהסופרמום הוא איבר בקבוצה, זאת אומרת גבול חלקי – ובעצם הגבול החלקי המקסימלי.</p><p dir=""rtl"" style=""text-align:right;""><br /></p><p dir=""rtl"" style=""text-align:right;"">תודה על הבהרה, רומן.<br /></p>"
24081,תשובה ל: 2 שאלות הבנה קטנות לגבי טענות 3.48 ו-3.65,"<div class=""text_to_html"">רומן שלום,<br />
לגבי השאלה הראשונה, הסדרה שעולה ממש היא סדרת האינדקסים ולא התת-סדרה שהיא מגדירה.<br />
לגבי השאלה השנייה, כל תנאי לבדו לא גורר את המסקנה שרשמת.<br />
למשל, עבור הסדרה המוגדרת על ידי אחד חלקי n, לכל n טבעי חיובי, מתכנסת ל-0 ולכן הגבול העליון שלה הוא 0, מצד שני, הסופרמום שלה הוא 1, לכן תנאי 2 לא גורר ש-L הוא הסופרמום.<br />
עבור אותה הסדרה, תנאי 1 מתקיים עבור L=2 שאינו גבול חלקי של הסדרה.<br />
<br />
מקווה שעניתי על השאלות,<br />
בברכה,<br />
עדי</div>"
24083,תשובה ל: 2 שאלות הבנה קטנות לגבי טענות 3.48 ו-3.65,"<div class=""text_to_html"">בהחלט, תודה עדי.</div>"
24903,תשובה ל: 2 שאלות הבנה קטנות לגבי טענות 3.48 ו-3.65,"<div class=""text_to_html"">בשמחה רבה</div>"
27579,פתרון שאלה 5(א) בתרגיל בית 4,"<p dir=""rtl"" style=""text-align:right;"">היי עדי וצוות הקורס,</p><p dir=""rtl"" style=""text-align:right;"">פתרתי את השאלה שבכותרת באופן דומה לפתרון שפורסם (מטעמים דומים – q קבוע, ממקום מסוים המנה גדולה מ-1 (טיפלתי בנפרד ב-q שלילי ואפס), ואנחנו מתעניינים במה שקורה באינסוף) – אך הרגשתי חוסר נוחות:</p><p dir=""rtl"" style=""text-align:right;""><img src=""https://moodle.tau.ac.il/2022/pluginfile.php/247542/mod_forum/post/27579/Screenshot%202022-11-27%20134522.png"" alt="""" class=""img-fluid atto_image_button_text-bottom"" width=""1200"" height=""506"" /><br /></p><p dir=""rtl"" style=""text-align:right;""></p><p dir=""rtl"" style=""text-align:right;"">חוסר הנוחות נובע כמובן מכך שאמרנו שלא מפעילים משפט לפני שבדקנו שכל תנאיו מתקיימים – מה גם שזה משפט שלא הוכחנו:</p><p dir=""rtl"" style=""text-align:right;""><img src=""https://moodle.tau.ac.il/2022/pluginfile.php/247542/mod_forum/post/27579/Screenshot%202022-11-27%20135451.png"" alt="""" class=""img-fluid atto_image_button_text-bottom"" width=""1200"" height=""322"" /><br /></p><p dir=""rtl"" style=""text-align:right;""></p><p dir=""rtl"" style=""text-align:right;"">תוכלו בבקשה להבהיר האם ניתן היה להפעיל את המשפט מהטעם האמור (שממקום מסוים Xn או Bn גדולה מ-1)?</p><p dir=""rtl"" style=""text-align:right;"">תודה :)<br /></p>"
28986,תשובה ל: פתרון שאלה 5(א) בתרגיל בית 4,"<div class=""text_to_html"">כפי שהוסבר כמה וכמה פעמים בתרגול, טיעונים על גבולות של סדרות הם טיעוני 'החל ממקום מסוים'. כלומר, האם סדרה מתכנסת ולאיזה גבול לא מושפע ממספר סופי של איברים ראשונים אלא רק מ'אינסוף האיברים האחרונים'.<br />
מומלץ מאוד לנסות להוכיח שבהינתן נכונות הטענה שציטטת, ניתן להחליף בה את ה'לכל n טבעי וחיובי' ב'קיים N טבעי חיובי כך שלכל n שגדול מN' ולקבל טענה נכונה נוספת.</div>"
30396,תרגיל בית 6 שאלה 3 בפונקציות,<p>האם ניתן להניח כי f(x)+g(x)=f+g(x)?</p>
31880,תשובה ל: תרגיל בית 6 שאלה 3 בפונקציות,"<div class=""text_to_html"">יעל שלום,<br />
בהינתן קבוצה A ופונקציות f,g:A-&gt;R, הפונקציה f+g:A-&gt;R מוגדרת על ידי <br />
f(x)+g(x)=(f+g)(x)<br />
לכל x מ-A.<br />
<br />
עדי</div>"
31421,שאלה כללית על פונקציות מחזוריות,<p>האם פונקציה קבועה נחשבת פונקציה מחזורית?</p>
31881,תשובה ל: שאלה כללית על פונקציות מחזוריות,"<div class=""text_to_html"">בהחלט, פונקציה קבועה היא מחזורית וכל מספר a&gt;0 הוא מחזור שלה.<br />
עדי</div>"
31749,שאלה לגבי הוכחת הכיוון ההפוך של קריטריון קושי לגבול של פונ' (והוכחות באופן כללי עם משפט היינה),"<p dir=""rtl"" style=""text-align:right;"">היי צוות הקורס,</p><div>סליחה מראש אם שאלו בכיתה ופספסתי.</div><div><br /></div><div>בסדרות, כשהיינו צריכים להראות משהו עם (תת) סדרה בנינו סדרה מתאימה ברקרוסיה.</div><div><br /></div><div>כאן הנחנו שקיימת סדרה כזו, ולהבנתי אנחנו לא מעוניינים בקיום ריק, אז למה אפשר להניח שהיא אכן קיימת?</div><div><br /></div><div><img src=""https://moodle.tau.ac.il/2022/pluginfile.php/247542/mod_forum/post/31749/11.png.png"" alt="""" class=""img-fluid atto_image_button_text-bottom"" width=""1200"" height=""66"" /><br /></div><div></div><div><br /></div><div>זה מזכיר לי את משפט קנטור, אבל שם, אם אני לא טועה דובר על קטעים סגורים, וזה כנראה לא זה.</div><div><br /></div><div>תודה על ההסבר :)<br /></div>"
31883,תשובה ל: שאלה לגבי הוכחת הכיוון ההפוך של קריטריון קושי לגבול של פונ' (והוכחות באופן כללי עם משפט היינה),"<div class=""text_to_html"">רומן שלום,<br />
לא הצלחתי להבין מה השאלה, אשמח לניסוח מדויק של השאלה.<br />
עדי</div>"
32060,שאלה 6 בוחן אמצע,"<p dir=""rtl"" style=""text-align:right;"">היי, שמתי לב שבשאלה 6 שני האיברים הראשונים בסדרה בכלל לא מוגדרים (אפס כפול מינוס אינסוף במכנה עבור 1, ln של מספר שלילי עבור 2). </p><p dir=""rtl"" style=""text-align:right;"">בינתיים התעלמתי מזה כדי לקבוע מה קורה כשמשאיפים לאינסוף, אבל בעצם האם מותר בכלל לדון בהתכנסות או התבדרות של טור כשהאיברים שלו בכלל לא מוגדרים?</p>"
32429,תשובה ל: שאלה 6 בוחן אמצע,"<div class=""text_to_html"">ליה שלום,<br />
אכן מדובר בטעות והכוונה היא שתחילת הסכימה של הטור היא רק מהיכן שהאיברים מוגדרים.<br />
נתקן זאת, <br />
תודה רבה<br />
צוות הקורס</div>"
32274,סילבוס הקורס,"<p dir=""rtl"" style=""text-align:right;"">היי צוות הקורס, רציתי לשאול האם ניתן לפרסם את סילבוס הקורס המלא? (ראיתי שברשימות יש תוכן עניינים עד כה, אבל אשמח גם לדעת מה צפוי בהמשך)</p><p dir=""rtl"" style=""text-align:right;"">תודה,</p><p dir=""rtl"" style=""text-align:right;"">נגה</p>"
32584,תשובה ל: סילבוס הקורס,"<div class=""text_to_html"">נגה שלום,<br />
סילבוס הקורס מופיע בידיעון, ניתן לצפות בו בקישור<br />
https://www.ims.tau.ac.il/Tal/Syllabus/Syllabus_L.aspx?course=0366112101&amp;year=2022<br />
בברכה,<br />
צוות הקורס</div>"
33168,שאלה לגבי סדרת הסינוסים,<p>האם sin(n) יהיה מתישהו 0? שכן זה יקרא רק עבור כפולה של פאי שהןא אינסופי אבל מצד שני גם n אין סופי…</p>
33276,תשובה ל: שאלה לגבי סדרת הסינוסים,"<div class=""text_to_html"">יעל שלום,<br />
כפי שציינת, לכל x ממשי, sin(x)=0 אם ורק אם קיים k שלם כך ש-x=pi*k.<br />
על כן sin(n) לא יכול להיות 0.<br />
ניתן להוכיח כי 0 הוא גבול חלקי של הסדרה {sin(n)}, אך ההוכחה שאני מכיר היא מעבר לדרישות הקורס.<br />
עדי</div>"
33981,שאלה קטנה לגביי תרגיל מתרגול 5,"שלום,<br />אשמח לחידוד למה אנחנו מסיקים ש A סופית (לא ריקה זה ברור). בעבר פתרתי תרגיל מאוד זהה אבל עכשיו אני לא מצליח להתחקות מאיפה מגיעה הקביעה הזאת..<br />האם זה מכיוון שבהינתן N גדולה שקבענו שכל איברי n המיוחסים אליו הם ממשיים ולכן הקבוצה סופית?<br />המון המון תודה,<br />נרי<img src=""https://moodle.tau.ac.il/2022/pluginfile.php/247542/mod_forum/post/33981/image%20%281%29.png"" alt="""" class=""img-fluid"" /><br />"
34027,תשובה ל: שאלה קטנה לגביי תרגיל מתרגול 5,"<div class=""text_to_html"">נרי שלום,<br />
A סופית משום שכל איבריה הם מספרים טבעיים שנמצאים בין n1 לבין n2, יש לכל היותר 1+n2-n1 איברים כאלה.<br />
בברכה<br />
עדי</div>"
34633,תשובה ל: שאלה קטנה לגביי תרגיל מתרגול 5,"<div class=""text_to_html"">הבנתי,<br />
תודה גדולה,<br />
נרי</div>"
35065,פונקציות אלמנטריות - פונקציית שורש ,"<p dir=""rtl"" style=""text-align:right;"">שלום,</p><p dir=""rtl"" style=""text-align:right;"">לפי ההגדרה שעברנו עליה בכיתה ראינו שפונקציות אלמנטריות מוגדרות רק כאשר הפונקציה מוגדרת מתחום R &gt;0.</p><p dir=""rtl"" style=""text-align:right;"">אשמח לדעתם מדוע פונקציית שורש לדוג׳ אינה מוגדרת פונקציה אלמנטרית כאשר היא מוגדרת לכל x&gt;= 0.</p><p dir=""rtl"" style=""text-align:right;"">תודה רבה</p>"
36232,תשובה ל: פונקציות אלמנטריות - פונקציית שורש ,"<br /><div class=""text_to_html"">יכול להיות שלא הבנתי את השאלה, אבל פונקציית שורש אכן מוגדרת כפו' אלמנטרית ב-«math xmlns=¨http://www.w3.org/1998/Math/MathML¨»«mrow»«mo»[«/mo»«mn»0«/mn»«mo»,«/mo»«mo»+«/mo»«mo»§#8734;«/mo»«mo»)«/mo»«/mrow»«/math» (היא גם מופיעה בטבלת הפו' האלמ' בעמוד 79 ברשומות).<br /></div>"
38231,"שאלת הבהרה - תרגיל בית 7, שאלה 6","<p dir=""rtl""><strong>בראש השאלה מופיעה הגדרת הפונקציה ⨑</strong>, ו <strong>""לכל (0,1)∋X הוכיחו/הפריכו"" </strong>ושם מסתיימת כותרת השאלה. האם <span style=""font-size:0.9375rem;"">משפט זה מתייחס רק לסעיף א'? </span></p><p dir=""rtl""><span style=""font-size:0.9375rem;"">(לסעיף ב' בו אני נדרש לענות מה קורה ב (2)⨑ מן הסתם זה פחות קשור..?)</span></p><p dir=""rtl"">אני מתכוון בעיקר להגדרה בקטע (0,1), האם נתון לי ש- (x)⨑ מוגדרת באותו האופן גם מ x=1 והלאה, ודרך התבוננות באותה הפונ' מצופה ממני להפריך את הטענה של סעיף ב', </p><p dir=""rtl"">או שכל שידוע על (x)⨑ הוא רק בקטע (0,1) ולא רלוונטי לסעיף ב'; ולצורך העניין כדוגמה נגדית אפשר לייצר התנהגות חדשה של הפונ', נניח קבועה כלשהי וכך להפריך את הטענה. </p><p dir=""rtl""><strong>תודה!</strong></p>"
38988,"תשובה ל: שאלת הבהרה - תרגיל בית 7, שאלה 6","<div class=""text_to_html"">היי יהונתן, <br />
<br />
אכן נתון לכם כיצד הפונקצייה ""מתנהגת"" אך ורק בקטע (0,1), כלומר לא ניתן (ואין) להניח כי היא בהכרה מוגדרת כך גם עבור ערכי x שהם לפחות 1. <br />
<br />
גיל בר</div>"
39778,קיום קבוצה סגורה אך לא קומפקטית ,"<p>.<span style=""font-size: var(--text-size); background-color: var(--background); color: var(--color); font-family: var(--ion-font-family, inherit); text-align: initial; font-style: inherit; font-variant-ligatures: inherit; font-variant-caps: inherit;"">היי, לאחר מעבר על נושא קומפקטית</span><span style=""font-size: var(--text-size); color: var(--color); font-family: var(--ion-font-family, inherit); text-align: initial; font-style: inherit; font-variant-ligatures: inherit; font-variant-caps: inherit; background-color: var(--background);"">&nbsp;האם קיימת קבוצה</span></p><p>לא הצלחנו למצוא דוגמה לקבוצה שהיא סגורה אך לא קופמקטית</p><p><span style=""font-size: var(--text-size); color: var(--color); font-family: var(--ion-font-family, inherit); text-align: initial; font-style: inherit; font-variant-ligatures: inherit; font-variant-caps: inherit; background-color: var(--background);"">&nbsp;אשמח לדוגמאות או להסבר האם זה לא יכול להתקיים</span></p><h3><br></h3><p><br></p><p><br></p><p><br></p>"
40082,תשובה ל: קיום קבוצה סגורה אך לא קומפקטית ,"<div class=""text_to_html"">שלום רב,<br />
קבוצת הממשיים R היא דוגמה לקבוצה סגורה שאינה קומפקטית.<br />
R לא חסומה ולכן אינה קומפקטית.<br />
בנוסף, לכל סדרה {an} שאיבריה שייכים ל-R, אם {an} מתכנסת וגבולה a, אז a שייך גם הוא ל-R.<br />
מכאן R קבוצה סגורה.<br />
<br />
בהצלחה<br />
עדי</div>"
43706,הגבול של סדרה למספר E,"<p dir=""rtl"" style=""text-align:right;"">שלום,</p><p dir=""rtl"" style=""text-align:right;"">רציתי לברר בנוגע לגבול של סדרה למספר e:</p><p dir=""rtl"" style=""text-align:right;"">בקובץ שהועלה למודל של רשימת גבולות שניתן להשתמש ללא הוכחה, כתוב כי מספיק שהסדרה Xn&gt;-1. אך ברשומות (עמוד 52) כתוב שהסדרה צריכה להיות גדולה מ-1.</p><p dir=""rtl"" style=""text-align:right;"">רציתי לוודא אם זו טעות.</p><p dir=""rtl"" style=""text-align:right;""><br /></p><p dir=""rtl"" style=""text-align:right;"">תודה!</p>"
44549,תשובה ל: הגבול של סדרה למספר E,"<div class=""text_to_html"">שי שלום,<br />
לא מדובר בטעות.<br />
בניסוח שברשימות השתמשנו באותה הסדרה {xn} עבור שני גבולות שונים, לכן ניסחנו שם את הדרישה המחמירה יותר שהייתה דרושה.<br />
<br />
עדי</div>"
45004,מטלה 9 שאלה 6,<p>השאלה היא יותר כללית לגבי החומר - בשאלה נתון שהפונקציה צריכה להתכנס לגבול ממשי באינסוף. האם התנאי לא היה מתקיים אם רק הסדרה הייתה חסומה באינסוף?</p>
45323,תשובה ל: מטלה 9 שאלה 6,"<div class=""text_to_html"">היי יעל.<br />
מה זה ""חסומה באינסוף""?<br />
האם את שואלת אם ניתן להחליף את דרישה א' ב""הפונקציה חסומה""? <br />
גיל בר</div>"
45330,תשובה ל: מטלה 9 שאלה 6,"<p>היי,</p><p>אני מנסה להבין למה התנאי הראשון נחוץ בכלל ולכן לצורך המקרה האם לא היה מספיק שהפונקציה חסומה החל מM כלשהו והלאה לאינסוף&nbsp;</p>"
46181,תשובה ל: מטלה 9 שאלה 6,"<div class=""text_to_html"">היי יעל,<br />
<br />
התנאי הראשון לא נחוץ (שפי שנשלח לכל הקורס) אך גם התנאי שאת מציעה לא נחוץ. ישנן פונקציות לא חסומות שמקיימות את דרישה ב' ועל כן רציפות במ""ש.<br />
<br />
גיל בר</div>"
46183,איפה כתובות שעות הקבלה של המרצים ושל המתרגלים?,"האם זה רשום איפשהו במודל? אם לא, האם מישהו יוכל ללשוח שעות ומיקום?"
48425,מטלה 10 תרגיל 1,<p>האם שכותבים לוג ללא ציון בסיס הכוונה ל e או ל10?</p>
49509,תשובה ל: מטלה 10 תרגיל 1,"<div class=""text_to_html"">בדרך כלל כשלא מצוין בסיס של log הכוונה היא לבסיס 10. <br /><span>
אבל</span> החלק השמאלי שבטענה בתרגיל 1:<img src=""https://moodle.tau.ac.il/2022/pluginfile.php/247542/mod_forum/post/49509/image.png"" alt="""" width=""91"" height=""20"" class=""img-fluid atto_image_button_text-bottom"" />לא נכון עבור log בבסיס 10 (לצערי לקח לי הרבה זמן להבין את זה) אז כנראה הכוונה היא ל-ln הפעם.</div>"
49581,תשובה ל: מטלה 10 תרגיל 1,"<div class=""text_to_html"">היי יעל ומשה, <br />
<br />
בקורסים מתמטיים (בפרט הקורס שלנו) הבסיס הסטדנרטי הוא e. נניח שבסיס הלוגריתם הוא e אלא אם צוין אחרת.</div>"
51306,בירור לגביי הערה 8.25,"<p dir=""rtl"" style=""text-align:right;"">היי, <br /><br />בסעיף 2 וסעיף 3 של הערה 8.25 ברשימות - האם בסוף הכוונה היא ש-X0 נק' הצטברות או X כמו שכתוב? <br /><br /><br /></p>"
53429,תשובה ל: בירור לגביי הערה 8.25,"<div class=""text_to_html"">לגבי סעיף 2 - מדובר הסימון פורמלי בלבד שלא דורש את מושג הגבול, לכן אין דרישות על x.<br />
לגבי סעיף 3 - הניסוח תקין, המטרה היא להציג דוגמה שבה תנאי ההגדרה הקודמת מתקיימים.</div>"
53332,שאלה בנושא שובך היונים ,<p>האם כשאנחנו בונים שובכים הם חייבים להיות זרים זה לזה? או שאפשר ש״יונה״ תשתייך לשני שובכים שונים (אם זה לא נוגד את פתרון הבעיה)&nbsp;</p>
53437,תשובה ל: שאלה בנושא שובך היונים ,"<div class=""text_to_html"">השובכים צריכים להיות זרים, אך אני חושש שמדובר בקורס אחר, אז עדיף לשאול את הצוות של הקורס :)</div>"
60909,תשובה ל: שאלה בנושא שובך היונים ,"<div class=""text_to_html"">אי אפשר</div>"
55531,פונקציה קדומה - החלפת משתנים שאלה 5א תרגיל בית,"<p dir=""rtl"" style=""text-align:right;"">שלום, אשמח לעזרה לגבי איך עלי לזהות אילו פונקציות לבחור לסמן בתור g וf בשיטת החלפת המשתנים באינטגרלים בשאלות בהן יש הרבה פונקציות (כגון בתרגיל הבית 5א: השאלה היא למצוא את הקדומה של sin(lnx) בשיטת החלפת משתנים. בטיוטה גיליתי שגם יש צורך להציב בx את e^x למיטב הבנתי. כלומר יש הרבה פונקציות שצריך להגדיר בשאלה - לפחות ארבע, כששתים מהן מורכבות. אז בעזרת מי מהן משתמשים במשפט החלפת משתנים? הצלחתי לפתור את השאלה בטיוטה, אבל כשאני מנסה לכתוב את זה באופן פורמלי אני נכשלת ומסתבכת.<br /></p><p dir=""rtl"" style=""text-align:right;"">תודה רבה, נגה</p>"
55778,תשובה ל: פונקציה קדומה - החלפת משתנים שאלה 5א תרגיל בית,"<div class=""text_to_html"">היי נגה, <br />
ראשית אין בעיה שחלק מן הפונקציות יהיו מורכבות. <br />
שנית, עקבי אחרי הטיוטה שלך, בדקי באילו מן המשפטים השתמשת (החלפת משתנים ראשונה או שנייה) ותחלצי משם באילו פונקציות השתמשת.<br />
שלישית, יכול להיות שיש צורך בכמה שלבים. נניח כמה שלבים של החלפת משתנים או שילוב של החלפת משתנים ואינגטרציה בחלקים. אין בזה שום פסול - כמו שבתרגול מופיע תרגיל בו נעשות שתי אינטגרציות חלקים לטובת פתרון. <br />
<br />
בהצלחה,<br />
גיל בר</div>"
57107,תרגיל בית מההרצאה,<p>אשמח למשוב על הפתרון שלי. :)</p>
57956,תשובה ל: תרגיל בית מההרצאה,"<div class=""text_to_html"">היי אלמירא. <br />
<br />
נראה שסה""כ בסדר, אבל שאלה חשובה מיהי הדלתא שלך?  מאין הגיעה ולמה היא קשורה בדיוק? <br />
<br />
חישוב האינטגרל של פונקציה קבועה מופיע בתרגול מספר 12 בצורה הפורמלית ביותר, מוזמנת לעקוב אחריו ולראות את הדיוקים הקטנים הנדרשים :)<br />
<br />
גיל בר</div>"
58012,בניית תת סדרה ברקורסיה,"<p dir=""rtl"" style=""text-align:right;"">שלום, </p><p dir=""rtl"" style=""text-align:right;"">עברתי על תרגיל 1.2 מתרגול 5 בו יש צורך לבנות תת סדרה ברקורסיה. אשמח להסבר על בחירת האיברים, בעיקר השני והשלישי. ברור לי למה מגדירים את n1=n, אך אם אנחנו בוחרים לאיבר השני את n2=n, האם אין סתירה בכך שn2=n&gt;n=n1? </p><p dir=""rtl"" style=""text-align:right;"">תודה!</p><p dir=""rtl"" style=""text-align:right;""><img src=""https://moodle.tau.ac.il/2022/pluginfile.php/247542/mod_forum/post/58012/Screenshot%202023-01-15%20at%2011.42.33.png"" alt=""תרגול 5 הוכחה בעמוד 2"" width=""1200"" height=""1200"" class=""img-fluid atto_image_button_text-bottom"" /><br /></p>"
58023,תשובה ל: בניית תת סדרה ברקורסיה,"<div class=""text_to_html"">היי קובי. <br />
<br />
שני ה-n הנ""ל שסימנת אינם אותו המספר. קיים מספר טבעי (נקרא לו משה) שגדול מ-1 שמקיים את הדרוש. נסמן n1=משה. <br />
קיים מספר טבעי שגדול ממשה, נקרא לו ציפורה, שמקיים את הדרוש. נסמן n2=ציפורה. <br />
<br />
ה-n שהקפת הם פשוט התרגום לכתיב מתמטי של ""קיים מספר טבעי ש..."".<br />
<br />
האם זה ברור?<br />
גיל בר</div>"
60905,מבחן המנה והשורש להתכנסות סדרות אי שליליות,"<p dir=""rtl"" style=""text-align:right;"">הי, </p><p dir=""rtl"" style=""text-align:right;"">רציתי לבדוק האם מותר לנו להשתמש במבחן המנה והשורש להתכנסות סדרות אי שליליות.</p><p dir=""rtl"" style=""text-align:right;"">הנושא לדעתי לא מופיע ישירות ברשימות, אולם מוכיחים את המבחנים האלה בהוכחות של מבחני התכנסות לטורים. יש שאלות ממבחנים ישנים שהפתרון הרשמי שלהם הוא באמצעות מבחנים אלו. </p><p dir=""rtl"" style=""text-align:right;"">תודה </p>"
61605,תשובה ל: מבחן המנה והשורש להתכנסות סדרות אי שליליות,"<div class=""text_to_html"">ראה מסקנה 4.15 וטענה 4.16 ברשימות.<br />
בברכה,<br />
עדי</div>"
61017,שאלה כללית לגבי המבחן,"<p dir=""rtl"" style=""text-align:right;"">ישנם שאלות במטלות שהיה צריך להשתמש בחוקי טריגו,... שהם קצת מוזרים. חוקים אלה לא מופיעים בדף נוסחאות. האם נתצטרך לזכור אותם למבחן? </p><p dir=""rtl"" style=""text-align:right;"">למשל חלק מחוקי הטריגו שהשתמשנו בתרגיל בית 6 שאלה 2 </p>"
61615,תשובה ל: שאלה כללית לגבי המבחן,"<div class=""text_to_html"">דף הנוסחאות מכיל נוסחאות שימושיות, אך כמובן שלא את כל הנוסחאות.<br />
ניתן להשתמש בכל זהות טריגונומטרית ידועה, כמו למשל אלה שמופיעות בקובץ ""טריגונומטריה"" שנמצא במודל.<br />
עם זאת, מטרת המבחן אינה לבדוק את הידע שלכם בזהויות טריגונומטריות. <br />
מכאן, יתכן ויהיה צורך בשימוש בטריגונומטריה, אך עיקר הבחינה לא יעסוק בכך.<br />
בברכה,<br />
עדי</div>"
61472,מטלה 13 שאלה 1ד,"<p dir=""ltr"" style=""text-align:left;""></p><p dir=""ltr"">היי,</p><p dir=""ltr"">הפתרון בסעיף הזה מאוד לא ברור. גם אחרי שקראתי אותו בגלל שמסוכם ממש בקצרה איך הגעתם לפונקציה לא ברור לי בכלל איך לעשות את התהליך בעצמי.</p><p dir=""ltr"">אשמח אם יהיה אפשר לקבל טיוטה יותר מפורטת או הסבר על השאלה</p><p dir=""ltr"">מצרפת את התשובה מהקובץ</p><p dir=""ltr""><br /></p><p dir=""ltr""><img src=""https://moodle.tau.ac.il/2022/pluginfile.php/305826/mod_forum/post/61425/image.png"" alt="""" /></p><br /><p></p>"
62802,תשובה ל: מטלה 13 שאלה 1ד,"<div class=""text_to_html"">היי יעל. <br />
<br />
אנא דייקי בשאלתך. מה לא ברור לך? מה ניסית ולא הצלחת? באיזה שלב של מעקב אחרי הפתרון איבדת אותו *בדיוק*? <br />
<br />
גיל בר</div>"
62821,תשובה ל: מטלה 13 שאלה 1ד,<p>לא הבנתי את המעבר שכתוב אחרי ההצבה באינטגרל:</p><p>בשורה האחרונה</p>
62831,תשובה ל: מטלה 13 שאלה 1ד,"<div class=""text_to_html"">היי יעל, <br />
<br />
לא צירפת תמונות לתגובה. <br />
גיל בר</div>"
62845,תשובה ל: מטלה 13 שאלה 1ד,<p>זה מהתמונה שהעליתי בהתחלה</p>
63029,תשובה ל: מטלה 13 שאלה 1ד,"<div class=""text_to_html"">היי יעל,<br />
<br />
לא צירפת תמונה גם בהתחלה.<br />
מיה</div>"
63051,תשובה ל: מטלה 13 שאלה 1ד,<p>מצרפת שוב</p><p><br></p>
63089,תשובה ל: מטלה 13 שאלה 1ד,"<div class=""text_to_html"">היי יעל,<br />
זה ישירות מההצבה.<br />
מוזמנת לצרף ניסיון שלך להצבה וננסה למצוא היכן הבעיה.<br />
<br />
מיה</div>"
63115,תשובה ל: מטלה 13 שאלה 1ד,<p>אני כאלו לא מצליחה להבין איך השלב האחרון קרה אצלכם</p><p>אני נתקעת פה כל פעם&nbsp;</p>
63219,תשובה ל: מטלה 13 שאלה 1ד,"<div class=""text_to_html"">היי יעל,<br />
<br />אנחנו מציבים t=√(2x−9), מכאן אנחנו מקבלים dt = dx/√(2x−9).<br />
עכשיו, נעלה בריבוע את t=√(2x−9) ונקבל t² = 2x − 9. כלומר, x=(t² + 9)/2.<br />אם עכשיו נציב באינטגרל נקבל:</div><div class=""text_to_html"">zzz   ∫ 1/(x⋅√(2x−9)) dx = 2⋅∫ 1/(t²+9) dt    zzz</div><div class=""text_to_html""><br /></div><div class=""text_to_html"">מקווה שזה יותר ברור,</div><div class=""text_to_html"">רועי</div>"
63382,תשובה ל: מטלה 13 שאלה 1ד,"<div class=""text_to_html"">תודה רבה!<br />
האם המוטיבציה להעלות את הביטוי בריבוע היה על מנת לחלץ את x בשביל להציב בX ש""תקוע"" במכנה?</div>"
66814,תשובה ל: מטלה 13 שאלה 1ד,"<div class=""text_to_html"">היי בהמשך לשאלה של יעל,<br />
 אחרי הגזירה אנחנו מגיעים לזה שdx =tdt וזה גם מופיע ככה בפיתרון , אבל שמציבים חזרה באינטגרל את הההצבה - הt של הtdt נעלם ומציבים רק dt אשמח להבין למה <br />
תודה,<br />
מאי</div>"
67251,תשובה ל: מטלה 13 שאלה 1ד,"<div class=""text_to_html"">היי מאי,<br />
הוא מצטמצם עם השורש במכנה מהאינטגרל המקורי (לו קראנו t), המכנה באינטגרל החדש הוא הביטוי של x באמצעות t כמו שרועי כתב למעלה.<br />
<br />
מיה</div>"
61498,מטלה 13 שאלה 3ד,"<p dir=""ltr"" style=""text-align:left;"">מתוך הפתרון לשאלה:</p><p dir=""ltr"" style=""text-align:left;"">איך היה ניתן לקבוע כי xlnx מתכנס ל0? </p><p dir=""ltr"" style=""text-align:left;"">הרי זה 0 כפול מינוס אינסוף ואין ביכולתנו להכריע באופן ככ מידי מה קורה במקרים אלו.</p><p dir=""ltr"" style=""text-align:left;"">בכללי הפתרון של התרגיל בית הזה מאוד לא מלא ומחסיר שלבים מהפתרון </p><p dir=""ltr"" style=""text-align:left;""><img src=""https://moodle.tau.ac.il/2022/pluginfile.php/247542/mod_forum/post/61498/image.png"" alt="""" class=""img-fluid"" style=""font-size:0.9375rem;"" /><br /></p>"
61802,תשובה ל: מטלה 13 שאלה 3ד,"מצטרף לשאלה, ובנוסף הייתי שמח לשאול לגבי מעבר נוסף באותו התרגיל:<br /><br />איך אפשר לנמק את המעבר בין מציאת הגבול משמאל לחסימות של f בקטע?<br />אני מצליח להבין את האינטואיציה אבל מחפש את הנימוק או הטענה שמתבססים עליה.<br /><br /><img src=""https://moodle.tau.ac.il/2022/pluginfile.php/247542/mod_forum/post/61802/image.png"" alt="""" class=""img-fluid"" /><br />"
62808,תשובה ל: מטלה 13 שאלה 3ד,"<div class=""text_to_html"">היי יעל. <br />
<br />
למדנו לא מעט דרכים לפתור את הגבול הזה. למשל, כלל לופיטל. <br />
<br />
בברכה,<br />
גיל בר</div>"
62822,תשובה ל: מטלה 13 שאלה 3ד,<p>כן זה פשוט מבלבל האם מותר להניח שזה טריוויאלי המעבר הזה ואין צורך לנמק אותו</p>
62833,תשובה ל: מטלה 13 שאלה 3ד,"<div class=""text_to_html"">במבחן יש צורך להראות את החישוב.</div>"
62941,תשובה ל: מטלה 13 שאלה 3ד,"<div class=""text_to_html"">היי שחר. <br />
<br />
תגדיר פונקציה חדשה g, בין רבע ל-1. לכל x בין רבע ל-1 (לא כולל 1) g מתנהגת בדיוק כמו f. ב-1 היא מקיימת g(1)=-0.5. <br />
מה אתה יודע להגיד על הפונקציה g? איך אנחנו יודעים להגיד שהפונקציה g חסומה שם? איך אנחנו מסיקים כעת על f? <br />
<br />
בברכה,<br />
גיל בר</div>"
64355,מה ההבדל בין משפט שינוי משתנה 1 למשפט שינוי משתנה 2,"<p dir=""rtl"" style=""text-align:right;"">היי צוות הקורס,</p><p dir=""rtl"" style=""text-align:right;"">אשמח להבהרה בעניין השאלה שבכותרת – גם בהקשר של מציאת קדומה וגם בהקשר של חישוב אינטגרלים מסוימים – <strong>ומתי נשתמש במשפט 1 ומתי במשפט 2</strong>.</p><p dir=""rtl"" style=""text-align:right;"">בינתיים בשיעורי בית שחקתי עם האלגברה, בדקתי ע""י גזירה ונסיתי להתאים את המשפטים בדיעבד, אך זה נותר לא ברור.</p><p dir=""rtl"" style=""text-align:right;"">אז הלכתי לכל מיני מקורות ולא מצאתי הפרדה ל-2 משפטים – אלא מופיע הנוסח הבא:</p><p dir=""rtl"" style=""text-align:right;""><u>מהרשימות של שירי ארטשטיין</u>:</p><p dir=""rtl"" style=""text-align:right;""><img src=""https://moodle.tau.ac.il/2022/pluginfile.php/247542/mod_forum/post/64355/%D7%90%D7%A8%D7%98%D7%A9%D7%98%D7%99%D7%99%D7%9F.png"" alt="""" class=""img-fluid atto_image_button_text-bottom"" width=""1200"" height=""466"" /><br /></p><p dir=""rtl"" style=""text-align:right;""><u>מהספר של הוכמן</u>:</p><p dir=""rtl"" style=""text-align:right;""><img src=""https://moodle.tau.ac.il/2022/pluginfile.php/247542/mod_forum/post/64355/%D7%94%D7%95%D7%9B%D7%9E%D7%9F.png"" alt="""" class=""img-fluid atto_image_button_text-bottom"" width=""1200"" height=""317"" /><br /></p><p dir=""rtl"" style=""text-align:right;""><u>ואפילו צנזור</u>:</p><p dir=""rtl"" style=""text-align:right;""><img src=""https://moodle.tau.ac.il/2022/pluginfile.php/247542/mod_forum/post/64355/%D7%A6%D7%A0%D7%96%D7%95%D7%A8.png"" alt="""" class=""img-fluid atto_image_button_text-bottom"" width=""1165"" height=""585"" /><br /></p><p dir=""rtl"" style=""text-align:right;""><strong>יודגש, הדוגמאות לעיל לא מובאות חלילה כביקורת, אלא לאחר שניסיתי להבין את העניין בעצמי ונותרתי יותר מבולבל...</strong></p><p dir=""rtl"" style=""text-align:right;"">תודה,</p><p dir=""rtl"" style=""text-align:right;"">רומן<br /></p>"
64707,תשובה ל: מה ההבדל בין משפט שינוי משתנה 1 למשפט שינוי משתנה 2,"<div class=""text_to_html"">היי רומן, עבודה עם מקורות נוספים זה מעולה אבל כשמדובר בניסוחי המשפטים וההגדרות צריך לעבוד עם הניסוחים מרשימות הקורס :)<br />
<br />
כשאנחנו מעוניינים לחשב קדומה או אינטגרל בקטע מסויים ההבדל הוא מי הפונקציה שאנחנו רוצים לחשב ולמי מהפונקציות הקדומה ידועה.<br />
אם אנחנו רוצים לחשב את הקדומה של הפונקציה zzz (f∘g)⋅g′ zzz ואנחנו יודעים את F הקדומה של f, אז לפי משפט החלפת משתנה 1 אנחנו יודעים מי הקדומה של  zzz (f∘g)⋅g′ zzz!<br />
זו בדיוק הפונקציה zzz F∘g zzz.<br />
אם אנחנו רוצים לחשב את הקדומה לפונקציה f, ונניח שאנחנו יודעים את F הקדומה לפונקציה zzz (f∘g)⋅g′ zzz (כש-g הפיכה) אז לפי החלפת משתנה 2 אנחנו יודעים מי הקדומה של f!<br />
זו בדיוק הפונקציה zzz F∘g⁻¹ zzz.<br />
<br />
מקווה שזה יותר ברור,<br />
רועי</div>"
65354,מטלה 11 שאלה 5 א,"<p dir=""rtl"" style=""text-align:right;"">הצלחתי לפתור את התרגיל בצורה לא פורמלית עם t בהחלפת משתנים וu,v באינטגרציה בחלקים אבל לא הצלחתי לעשות פורמלית לפי המשפטים. בפתרון הרשמי למטלת בית פותרים באותה דרך בדיוק ולא לפי המשפטים הפורמלים.</p><p dir=""rtl"" style=""text-align:right;"">אפשר לראות פתרון פורמלי לתרגיל? האם לפתור כמו בפתרון הרשמי זה בסדר ופורמלי מספיק?</p>"
65727,תשובה ל: מטלה 11 שאלה 5 א,"<div class=""text_to_html"">היי יונתן,<br />
<br />
לא, פתרון שכזה לא מתקבל במבחן בצורה הרשמית. <br />
אתה מוזמן לצרף את הניסיון שלך לתרגם את הפתרון לצורה הפורמלית ואנחנו נשמח לסייע להבין מה לא הסתדר :)<br />
<br />
גיל בר</div>"
66248,תשובה ל: מטלה 11 שאלה 5 א,"<div class=""text_to_html"">מצטרפת לגיל בר ומוסיפה שאם אתה מסתבך עם התאמת המשפטים, אתה תמיד יכול לעבוד עם הטיוטה ולבסוף בתשובה הרשמית להראות מהי הקדומה שמצאת ולגזור על מנת להוכיח נכונות.<br />
<br />
מיה</div>"
66007,שאלה מהרצאה,"<p dir=""rtl"" style=""text-align:right;"">לא הבנתי איך ניתן להסיק את שה ממשפט ההשוואה, במבחן ההשוואה אנחנו רק מתייחסים למקרה ש G שואפת לגבול סופי. ולמה היינו צריכים להראות שהגבול של F\G סופי </p><p dir=""rtl"" style=""text-align:right;"">תודה!</p><p dir=""rtl"" style=""text-align:right;""><img src=""https://moodle.tau.ac.il/2022/pluginfile.php/247542/mod_forum/post/66007/Screenshot_20230126_175124_Samsung%20Notes%20%281%29.jpg"" alt="""" class=""img-fluid"" /><br /></p>"
66689,תשובה ל: שאלה מהרצאה,"<div class=""text_to_html"">אלמירא שלום,<br />
מבחן ההשוואה הגבולי אומר שעבור פונקציות אי-שליליות f,g אינטגרביליות מקומיות, אם f/g שואפת לגבול סופי וגם האינטגרל של g מתכנס, אז האינטגרל של f מתכנס.<br />
על כן, תחת אותם התנאים נסיק כי אם האינטגרל של f לא מתכנס אז האינטגרל של g לא מתכנס.<br />
מדובר בשלילה של הטענה.<br />
ניתן לראות זאת באופן הבא: אם האינטגרל של g היה מתכנס, אז לפי מבחן ההשוואה הגבולי נסיק כי האינטרל של f מתכנס, אך זה אינו המצב, לכן האינטגרל של g אינו מתכנס.<br />
<br />
בברכה,<br />
עדי</div>"
66422,שאלות לתרגול מבחני התכנסות לאינטגרליים כלליים,"<p dir=""rtl"" style=""text-align:right;"">כחלק מההכנה לבחינה המסכמת אני מעוניין לתרגל שאלות המתעסקות בהתכנסות של אינטגרליים כללים שבפתרונן משתמשים בקושי/אבל/דירכלה.<br /> לא מצאתי שאלות כאלו במטלה 13 ולא בתרגול 13,  מכיוון שאלו נושאים שנכללים בקורס ובבחינה, ניתן לפרסם קובץ שכזה? שנוכל לתרגל זאת באופן מרוכז ולא להסתמך רק על בחינות עבר של חדוא 2א.<br />תודה רבה!</p>"
67270,תשובה ל: שאלות לתרגול מבחני התכנסות לאינטגרליים כלליים,"<div class=""text_to_html"">יותם שלום,<br />
העליתי למודל קובץ עם כמה תרגילים (נמצא תחת הכותרת ""חומרי עזר""),<br />
מוזמן להסתכל.<br />
בברכה,<br />
עדי</div>"
66424,מטלה 7 תרגיל 1,"<p dir=""ltr"" style=""text-align:left;"">בתרגיל הראשון במטלה אנו מתבקשים להראות כי שורש איקס רציפה. עם זאת, בהגדרת הדלתא בפתרון משתמשים ב-X0. האם זה חוקי? הרי X0 הוא משתנה</p><p dir=""ltr"" style=""text-align:left;"">מצרפת את השאלה</p><p dir=""ltr"" style=""text-align:left;""><img src=""https://moodle.tau.ac.il/2022/pluginfile.php/247542/mod_forum/post/66424/image.png"" alt="""" class=""img-fluid"" /><br /></p>"
66691,תשובה ל: מטלה 7 תרגיל 1,"<div class=""text_to_html"">יעל שלום,<br />
נכתוב את הטענה שנרצה להוכיח באופן מפורש:<br />
לכל x0&gt;=0 ולכל epsilon&gt;0 קיים delta&gt;0 כך שלכל x&gt;=0, אם x-x0|
<br />
בטענה זו, המשתנים x0,epsilon מופיעים לפני המשתנה delta. המשתנה delta מופיע עם כמת *קיים*, על כן, ניתן לבחור אותו ואפשר להשתמש במידע הקודם שיש לנו, כלומר, המשתנים x0,epsilon.<br />
<br />
שימי לב כי אם היית מצליחה לבחור את delta ללא שימוש בx0, אז למעשה היית מוכיח את הטענה (הנכונה) כי פונקציית השורש רציפה במידה שווה.<br />
<br />
בברכה,<br />
עדי</div>"
66777,תשובה ל: מטלה 7 תרגיל 1,<p>תודה רבה!&nbsp;</p>
66598,מבחן לדוגמה 2022 (שנה שעברה) שאלה 1,"<p dir=""rtl"" style=""text-align:right;"">שלום, אשמח להבין לגבי תרגיל 1 סעיף 1 ממבחן לדוגמה 2022 (מצ""ב השאלה), מקרה 1.1 (מצ""ב תשובה מתוך פתרון רשמי) מדוע בהכרח קיימת נקודה d כך שf(c)=f(d). אנחנו יודעים שc היא נקודת מינימום מקומית, אבל האם לא ייתכן שהיא בעצם גם מינימום מוחלטת (כי אנחנו לא יודעים הרבה על הפונקציה)?  </p><p dir=""rtl"" style=""text-align:right;""><img src=""https://moodle.tau.ac.il/2022/pluginfile.php/247542/mod_forum/post/66598/image%20%281%29.png"" alt="""" class=""img-fluid"" /><br /></p><p dir=""rtl"" style=""text-align:right;""><img src=""https://moodle.tau.ac.il/2022/pluginfile.php/247542/mod_forum/post/66598/image.png"" alt="""" class=""img-fluid"" /></p>"
66697,תשובה ל: מבחן לדוגמה 2022 (שנה שעברה) שאלה 1,"<div class=""text_to_html"">נגה שלום,<br />
ראשית, הקיום של הנקודה d נובע ממשפט ערך הביניים.<br />
שנית, אכן הנקודה c תהיה נקודת מינימום גלובלית, אך הדבר לא הוכח כאן באופן מפורש.<br />
בברכה,<br />
עדי</div>"
67193,"שלילת רציפות במ""ש","<p dir=""rtl"" style=""text-align:right;"">היי,</p><p dir=""rtl"" style=""text-align:right;"">כשלמדנו על רציפות במ""ש הוכחנו מדוע פונקציית שורש לא רציפה במ""ש ב-R - מצורף מטה.</p><p dir=""rtl"" style=""text-align:right;"">אשמח לדעת מהי האינטואיציה לבחירת הביטויים האלו ל-x,y.</p><p dir=""rtl"" style=""text-align:right;"">תודה,</p><p dir=""rtl"" style=""text-align:right;"">עידו</p><p dir=""rtl"" style=""text-align:right;""><br /></p><p dir=""rtl"" style=""text-align:right;""><img src=""https://moodle.tau.ac.il/2022/pluginfile.php/247542/mod_forum/post/67193/%D7%90%D7%99%D7%A0%D7%98%D7%95%D7%90%D7%99%D7%A6%D7%99%D7%94%20%D7%9C%D7%91%D7%97%D7%99%D7%A8%D7%94%20%D7%94%D7%96%D7%95.jpg"" alt="""" class=""img-fluid"" /><br /></p>"
67258,"תשובה ל: שלילת רציפות במ""ש","<div class=""text_to_html"">היי עידו,<br />
<br />
כאשר קיבענו את אפסילון להיות 1, הגיוני שנרצה לבחור 2 נקודות כך שהמרחק של ערכי הפונקציה שלהן יהיה גדול שווה ל1 - לכן ברור לנו שבשניה שנבחר את x נרצה לבחור את y להיות משהו מהצורה שורש(x^2+1).<br />
אחר כך אנחנו צריכים לבחור את איקס כך שיתאים לתנאי עם הדלתא.<br />
<br />
האם זה עוזר?<br />
מיה</div>"
67643,"תשובה ל: שלילת רציפות במ""ש","<div class=""text_to_html"">כן, תודה :)</div>"
67209,מטלה 10 שאלה 9 - התכנסות טור,"<p dir=""rtl"" style=""text-align:right;"">היי,</p><p dir=""rtl"" style=""text-align:right;"">אשמח לוודא דרך פתרון נוספת לשאלה המצורפת מטה.</p><p dir=""rtl"" style=""text-align:right;"">להגדיר את פנים הטור בתור an, ולהגדיר סדרה נוספת cos(1/n) בתור bn.</p><p dir=""rtl"" style=""text-align:right;"">ואז לפי מבחן ההשוואה הגבולי, מנת הסדרות שואפת לאפס, ומאחר ו-bn מתכנסת (שואפת ל-1) אז גם an.</p><p dir=""rtl"" style=""text-align:right;"">תודה,</p><p dir=""rtl"" style=""text-align:right;"">עידו</p><p dir=""rtl"" style=""text-align:right;""><br /></p><p dir=""rtl"" style=""text-align:right;""><img src=""https://moodle.tau.ac.il/2022/pluginfile.php/247542/mod_forum/post/67209/%D7%9C%D7%95%D7%95%D7%93%D7%90%20%D7%A9%D7%94%D7%93%D7%A8%D7%9A%20%D7%A9%D7%9C%D7%99%20%D7%A2%D7%9D%20%D7%94%D7%92%D7%93%D7%A8%D7%AA%20%D7%91%D7%99%20%D7%90%D7%9F%20%D7%91%D7%AA%D7%95%D7%A8%20%D7%A7%D7%95%D7%A1%D7%99%D7%A0%D7%95%D7%A1%201%20%D7%97%D7%9C%D7%A7%D7%99%20%D7%90%D7%9F%20%D7%AA%D7%A7%D7%99%D7%A0%D7%94%20%281%29.jpg"" alt="""" class=""img-fluid"" /><br /></p><p dir=""rtl"" style=""text-align:right;""><br /></p><p dir=""rtl"" style=""text-align:right;""><br /></p><p dir=""rtl"" style=""text-align:right;""><br /></p><p dir=""rtl"" style=""text-align:right;""><br /></p><p dir=""rtl"" style=""text-align:right;""><br /></p><p dir=""rtl"" style=""text-align:right;""><br /></p>"
67263,תשובה ל: מטלה 10 שאלה 9 - התכנסות טור,"<div class=""text_to_html"">שים לב כי הטור אליו אתה רוצה להשוות (עם הסדרה bn)  מתבדר.<br />
מאחר והגבול של מנת הסדרות הוא אפס, אנחנו יודעים להגיד רק שהטור שבנית מתכנס גורר שהטור המקורי מתכנס, והטור שבנית אינו מתכנס לכן לא נקבל מידע על הטור המקורי.<br />
<br />
מיה</div>"
67638,שאלה על אינטגרליים לא אמיתיים,<p>בשיעור 24 כדוגמא ניתן כי האינטגרל הלא אמיתי של cos(x) לא מתכנס אך בשיעור לאחר מכן נלמד שאם הפונקציה חסומה אזי האינטגרל הלא אמיתי שלה מתכנס. מכיוון שcos היא פונקציה חסומה לא ברור לי איך שני הדברים הללו מתקיימים יחדיו</p>
67860,תשובה ל: שאלה על אינטגרליים לא אמיתיים,"<div class=""text_to_html"">היי יעל. <br />
<br />
שימי לב לשימוש הרחב במילים ""האינטגרל הלא אמיתי של פונקציה"". ממש כמו אינטגרל אמיתי, אינטגרל לא אמיתי מוגדר על ידי גבולות האינטגרציה שלו. <br />
בשיעור 24 הוכחתם כי האינטגרל הלא אמיתי מ-0 עד אינסוף של קוסינוס אינו מתכנס. <br />
בתחילת שיעור 25 ניתנה לכם ההערה הבאה:<br />
<img src=""https://moodle.tau.ac.il/2022/pluginfile.php/247542/mod_forum/post/67860/image.png"" alt="""" class=""img-fluid"" /><br />
</div><div class=""text_to_html"">שימי לב כי כאן מדובר על האינטגרל הלא אמיתי על הקטע החצי סגור-חצי פתוח וחסום שבין שני מספרים ממשיים, ולא על קרן שלמה. </div><div class=""text_to_html"">על כן, אין שום סתירה בין שתי העובדות - הן מדברות על מקרים שונים. </div><div class=""text_to_html""><br /></div><div class=""text_to_html"">בברכה,</div><div class=""text_to_html"">גיל בר</div>"
68805,Re: תשובה ל: שאלה על אינטגרליים לא אמיתיים,"<div class=""text_to_html"">תודה רבה!<br />
שאלת המשך שעלתה לי - אם הגבול של הפונקציה באינסוף הוא סופי ניתן להשתמש במשפט זה או שלא?</div>"
68839,תשובה ל: Re: תשובה ל: שאלה על אינטגרליים לא אמיתיים,"<div class=""text_to_html"">ומה אנחנו יודעים על גבולה בקצה השני של קטע האינטגרציה? <br />
<br />
גיל בר</div>"
68907,Re: תשובה ל: Re: תשובה ל: שאלה על אינטגרליים לא אמיתיים,"<div class=""text_to_html"">בהנחה שהגבול השני הוא ""אמיתי"" וקיים (קטע חצי סגור)</div>"
67907,מבחן לדוגמא 22 - פתרון משוואות,"<p dir=""rtl"" style=""text-align:right;"">היי,</p><p dir=""rtl"" style=""text-align:right;"">אשמח לוודא דרך פתרון נוספת מלבד הדרך שמתוארת מטה עבור תרגיל 1 סעיף 2.</p><p dir=""rtl"" style=""text-align:right;"">במקום לחלק לשתי הפונקציות הנ""ל ולהשתמש בלגראנז', אז לפעול בדומה למה שעשינו במטלות בית - פשוט לאחד את האגפים של האי-שיוויון למשוואה אחת (כרגיל), להוכיח שהחל מ-x=0 היא תמיד עולה ושערך f(x) בנקודת הקיצון הוא אפס?</p><p dir=""rtl"" style=""text-align:right;"">תודה,</p><p dir=""rtl"" style=""text-align:right;"">עידו</p><p dir=""rtl"" style=""text-align:right;""><img src=""https://moodle.tau.ac.il/2022/pluginfile.php/247542/mod_forum/post/67907/%D7%9E%D7%91%D7%97%D7%9F%20%D7%9C%D7%93%D7%95%D7%92%D7%9E%D7%90%2022%20-%20%D7%9C%D7%95%D7%95%D7%93%D7%90%20%D7%A9%D7%90%D7%99%D7%9F%D7%A6%D7%95%D7%A8%D7%9A%20%D7%91%D7%A9%D7%98%D7%95%D7%AA%20%D7%94%D7%96%D7%95%20%D7%95%D7%A9%D7%94%D7%93%D7%A8%D7%9A%20%D7%A9%D7%9C%D7%99%20%D7%90%D7%97%D7%9C%D7%94%20%281%29.png"" alt="""" class=""img-fluid"" /><br /></p>"
68832,תשובה ל: מבחן לדוגמא 22 - פתרון משוואות,"<div class=""text_to_html"">היי עידו.<br />
<br />
אם היא תמיד עולה, ואנחנו על הקרן הפתוחה בין 0 (לא כולל) ועד אינסוף, מהי בדיוק נקודת הקיצון? <br />
מעבר לזה שהפונקצייה המתקבלת מהעברת האגפים אינה תמיד עולה החל מ-x=0 (גם אם אנחנו שמים בצד את העובדה שהיא אינה מוגדרת ב-0). <br />
אם אתה שואל האם ניתן להעביר אגפים, ולבצע חקירה של  פונקציית ההפרש כדי לנסות ולהסיק אם היא פונקציה אי-שלילית בתחום הגדרתה, אז כן, כמובן שזה רעיון אפשרי, אבל הוא לא יראה כמו שחזית שהוא יראה. <br />
<br />
גיל בר</div>"
67922,מטלה 10 - שימוש במשפט קושי,"<p dir=""rtl"" style=""text-align:right;"">היי,</p><p dir=""rtl"" style=""text-align:right;"">בתרגיל הנ""ל נדרש להוכיח אי-שיוויון, ובפתרון רשומה דרך באמצעות משפט קושי. אשמח לשאול:</p><p dir=""rtl"" style=""text-align:right;"">1. מהי האינטואיציה לבחירת שתי הפונקציות g,h הנ""ל.</p><p dir=""rtl"" style=""text-align:right;"">2. האם יש יתרון לדרך זו על פני שימוש בפיתוח טיילור (פעם אחת מסדר 1 ופעם אחת מסדר 2).</p><p dir=""rtl"" style=""text-align:right;"">תודה,</p><p dir=""rtl"" style=""text-align:right;"">עידו</p><p dir=""rtl"" style=""text-align:right;""><br /></p><p dir=""rtl"" style=""text-align:right;""><img src=""https://moodle.tau.ac.il/2022/pluginfile.php/247542/mod_forum/post/67922/%D7%9E%D7%98%D7%9C%D7%94%2010%20-%20%D7%91%D7%9E%D7%A7%D7%95%D7%9D%20%D7%94%D7%93%D7%A8%D7%9A%20%D7%A9%D7%9B%D7%90%D7%9F%2C%20%D7%9C%D7%A2%D7%A9%D7%95%D7%AA%20%D7%A4%D7%A2%D7%9D%20%D7%90%D7%97%D7%AA%20%D7%98%D7%99%D7%99%D7%9C%D7%95%D7%A8%20%D7%9C%D7%A4%D7%99%20%D7%A1%D7%93%D7%A8%201%20%D7%95%D7%A4%D7%A2%D7%9D%20%D7%A0%D7%95%D7%A1%D7%A4%D7%AA%20%D7%9C%D7%A4%D7%99%20%D7%A1%D7%93%D7%A8%202.jpg"" alt="""" class=""img-fluid"" /><br /></p><p dir=""rtl"" style=""text-align:right;""><br /></p><p dir=""rtl"" style=""text-align:right;""><br /></p>"
68853,תשובה ל: מטלה 10 - שימוש במשפט קושי,"<div class=""text_to_html"">היי עידו. <br />
<br />
1. העברת אגפים של הצד השמאלי של אי-השוויון שצריך להוכיח. <br />
2. יתרון זה לא דבר מוגדר היטב. אם אתה לא זוכר איך לפתח את ln(1+x) לפיתוח טיילור כמעט כל דרך אחרת יש לה יתרון על פני פיתוח טיילור. יתרון זה דבר אינדיבידואלי. <br />
<br />
גיל בר</div>"
68312,שאלה בנוגע לתרגול הנוסף,"<p dir=""ltr"" style=""text-align:left;"">היי,</p><p dir=""ltr"" style=""text-align:left;"">אשמח לעזרה בפתרון הגבול:</p><p dir=""ltr"" style=""text-align:left;""><img src=""https://moodle.tau.ac.il/2022/pluginfile.php/247542/mod_forum/post/68312/image.png"" alt="""" class=""img-fluid"" /><br /></p><p dir=""ltr"" style=""text-align:left;"">אין תשובות לקובץ אז אין לי איך לפתור לבד</p>"
68353,Re: שאלה בנוגע לתרגול הנוסף,"וגם לזה אם אפשר<br /><br /><img src=""https://moodle.tau.ac.il/2022/pluginfile.php/247542/mod_forum/post/68353/image%20%281%29.png"" alt="""" class=""img-fluid"" /><br />"
68849,תשובה ל: Re: שאלה בנוגע לתרגול הנוסף,"<div class=""text_to_html"">היי יעל, <br />
<br />
בכל אחד מהם מומלץ שתשתפי מה ניסית ואיפה נתקעת, מה בדיוק העזרה שאת צריכה. אנחנו רוצים לענות על שאלות, לא פשוט לפרסם פתרונות. <br />
<br />
גיל בר</div>"
68909,Re: תשובה ל: Re: שאלה בנוגע לתרגול הנוסף,"<div class=""text_to_html"">בכנות, אני מרגישה שאני לא יודעת איך לגשת אליהם בכלל וכל שיטה שאני מנסה  נתקעת, אשמח להכוונה<br />
ובכללי אין לקובץ תשובות מה שמקשה על בדיקה עצמית</div>"
68778,שאלה על אינטגרלים לא אמיתיים,"<p dir=""ltr"" style=""text-align:left;"">האם לינאריות האינטגרל תקפה גם באינטגרלים לא האמיתיים? משמע, האם מותר לי לפצל אינטגרל לא אמיתי לשני אינטגרליים לא אמיתיים באותו קטע.</p><p dir=""ltr"" style=""text-align:left;"">במידה וכן, באילו אילוצים צריך לוודא שעומדים על מנת לעשות את זה?</p><p dir=""ltr"" style=""text-align:left;"">תודה מראש</p>"
68837,תשובה ל: שאלה על אינטגרלים לא אמיתיים,"<div class=""text_to_html"">היי יעל. <br />
<br />
נניח האינטגרל של הפונקציה הקבועה 0 בקטע הפתוח שבין 0 ו-1 מתכנס כמובן, אבל את גם יכולה להציג את הפונקציה הקבועה 0 כהפרש של x^-1 עם עצמו, כאשר לכל אחת מהפונקציות הנ""ל בנפרד אנחנו יודעים שהאינטגרל הלא אמיתי בקטע הנ""ל לא מתכנס. <br />
זה נכון באופן כללי על כל טיעון גבולי. אנחנו יכולים לפצל גבול שמתכנס לאפס לסכום של גבולות שאחד שואף לאינסוף והשני למינוס אינסוף, אבל אנחנו יודעים שלא כל ""סכום של אינסוף ועוד מינוס אינסוף"" הוא אפס. <br />
נניח אבל נתונה לי פונקציה h=f+g, ואני מסתכלת על האינטגרל הלא אמיתי שלה באיזשהו קטע מוכלל שאני יודעת ש-h אינטגרבילית מקומית בו. אם אני יודעת שגם ל-f האינטגרל הלא אמיתי בקטע מתכנס, וגם ל-g האינטגרל הלא אמיתי בקטע מתכנס, אז אני יכולה ללמוד על האינטגרל הלא אמיתי של h (שהוא גם מתכנס). תרגיל טוב להוכיח את זה לעצמך. <br />
<br />
גיל בר</div>"
68816,מבחן לדוגמה שאלה 2,"<p dir=""rtl"" style=""text-align:right;"">היי,<br />אשמח לשאול מספר שאלות בנוגע לפתרון של שאלה 2 מהמבחן לדוגמה של הסמסטר הנוכחי.<br /><br />1. בחלק המצורף אנחנו רוצים להראות שהטור (-1)^n/2 חסום, לא הצלחתי להבין מה עומד מאחורי כל שינויי האינדקסים, למה אלו הם השינויים שבחרנו לעשות ואיך בסוף הגענו למסקנה שr=1.<br />2. מדוע אין בעיה עם הגדרת הסדרה An לכל N על ידי n/2^(-1)? הרי כל איבר שני בה הוא שורש מינוס אחד. האם אני יכול להתייחס אליה כמו (-1)^n?<br />3. בעקבות הסעיף הקודם, האם נכון להגיד שהטור {((-1) בחזקת n/2) חלקי n} מתכנס בתנאי לפי מבחן לליבניץ? האם צריך להגדיר משהו מיוחד בגלל החזקה n/2?<br /><br />תודה רבה<br /><br /><img src=""https://moodle.tau.ac.il/2022/pluginfile.php/247542/mod_forum/post/68816/image.png"" alt="""" class=""img-fluid"" /><br /></p>"
68877,תשובה ל: מבחן לדוגמה שאלה 2,"<div class=""text_to_html"">שחר שלום,<br />
לגבי (1), r אינו בהכרח שווה ל-1, הוא מוצג כסכום של 1-ים.<br />
לגבי (3),(2), חשוב לשים לב שלקחנו ערך תחתון של n/2 ולא את n/2 עצמו, בקורס שלנו אין מספרים מרוכבים.<br />
כמו כן, הטור אינו מתאים לתבנית של משפט לייבניץ, ולכן איננו יכולים להשתמש במשפט לייבניץ בשביל לטעון שהוא מתכנס.<br />
בברכה,<br />
עדי</div>"
69234,תשובה ל: מבחן לדוגמה שאלה 2,"<div class=""text_to_html"">מצטרפת לשאלה</div>"
69176,הלמה של שטולץ,"ערב טוב :)<br />לגבי הלמה של שטולץ, נדרש שהסדרה במכנה תשאף לאינסוף ותהיה חיובית. מדוע?<br />"
69282,תשובה ל: הלמה של שטולץ,"<div class=""text_to_html"">עידן שלום,<br />
יש במהלך ההוכחה שימוש בשתי ההנחות הללו.<br />
בברכה,<br />
עדי</div>"
69437,פיצול אינטגרלים לא אמיתיים,"שלום צוות הקורס,<br />רציתי לשאול האם ניתן לפצל אינטגרל לא אמיתי בתחומי אינטגרציה מסוימים, ל-2 רכיבים על אותו תחום אינטגרציה. אם כן, מתי?<br />תודה!<br />עידן<br />"
69820,תשובה ל: פיצול אינטגרלים לא אמיתיים,"<div class=""text_to_html"">עידן שלום,<br />
האם הכוונה היא מתי אינטגרל לא אמיתי של סכום שווה לסכום האינטגרלים הלא אמיתיים?<br />
אם כן, צריך להיזכר כי אינטגרל לא אמיתי הוגדר בעזרת גבול, לכן צריך לבדוק את תנאי משפט אריתמטיקה של גבולות בכדי להחליף בין גבול וסכום.<br />
בברכה,<br />
עדי</div>"
69471,שאלה על אינטגרל ממועד ב' שנה שעברה,"<p dir=""rtl"" style=""text-align:right;"">שלום,</p><p dir=""rtl"" style=""text-align:right;"">רציתי לדעת האם יש אינטואציה כלשהי לחשוב על פונקציה מהצורה של g ובפרט איך למצוא אותה ספציפיתת.</p><p dir=""rtl"" style=""text-align:right;"">(השאלה היא לקבוע האם האינטגרל הלא מסוים של f מתכנסת).</p><p dir=""rtl"" style=""text-align:right;""><br /></p><p dir=""rtl"" style=""text-align:right;"">תודה רבה.</p>"
69821,תשובה ל: שאלה על אינטגרל ממועד ב' שנה שעברה,"<div class=""text_to_html"">שי שלום,<br />
הרעיון בבחירת הפונקציה הזו היה למצוא פונקציה שניתן לקבוע האם האינטגרל שלא אמיתי שלה מתכנס או לא מתכנס.<br />
כיוון שאנחנו יודעים לקבוע עבור אילו ערכי p האינטגרל מ-1 עד אינסוף של הפונקציה שנוסחתה היא x^-p מתכנס, רצינו להשוות לפונקציה מצורה זו.<br />
ln אינו בעל צורה זו ולכן חסמנו אותו על ידי פונקציה שכן בעלת צורה זו, למשל, שורש.<br />
בברכה,<br />
עדי</div>"
69544,מועד ג 22 - תרגיל 1 סעיף 2,"<p dir=""rtl"" style=""text-align:right;"">היי,</p><p dir=""rtl"" style=""text-align:right;"">אשמח להבין כיצד ניתן לפתור את סעיף 2.</p><p dir=""rtl"" style=""text-align:right;"">אינטואיטיבית ע""פ מה שצריך להוכיח מרגיש שצריך להשתמש במשפט דרבו, אבל התקשיתי לעשות זאת לאור העובדה שאין כאן קטע סגור (שאיפה לאינסוף בכל קצה).</p><p dir=""rtl"" style=""text-align:right;"">בנוסף, רציתי לומר שאחרי a יש תחום שבו היא בהכרח יורדת בו, אך שללתי זאת כי תתכן פונקציה שאינה יורדת ואינה עולה לכל אפסילון (דריכלה משוכלל).</p><p dir=""rtl"" style=""text-align:right;"">תודה!</p><p dir=""rtl"" style=""text-align:right;""><img src=""https://moodle.tau.ac.il/2022/pluginfile.php/247542/mod_forum/post/69544/image.png"" alt="""" class=""img-fluid"" /><br /></p>"
69822,תשובה ל: מועד ג 22 - תרגיל 1 סעיף 2,"<div class=""text_to_html"">עידו שלום,<br />
נסה להיעזר במשפט לגרנז' בכדי להוכיח כי לכל t ממשי קיים x בקטע כך ש-f'(x)
בדומה, קיים y בקטע כך ש-f'(y)&gt;t.<br />
בברכה,<br />
עדי</div>"
78088,ההבדל הקטן בין טענה 4.14 לבין מסקנה 4.15,"<p dir=""ltr"" style=""text-align:left;"">ערב טוב,<br />תהיתי לגבי ההבדל בין ההגדרות של פונקציה עולה לבין פונקציה עולה ממש.<br />אני מבין את משמעות ההבדל ביחס בין ערך הפונקציה באיקס לבין ערך הפונקציה בוואי (כלומר, כשהפונקציה עולה - היחס הוא רק גדול שווה, וכשהפונקציה עולה ממש - היחס הוא גדול ממש). אבל אני תוהה למה כשהפונקציה עולה, אנחנו עוברים גם על ערכים שיכולים להיות שווים? כי הרי רשום שוואי רק גדול-שווה לאיקס. האם יש לכך סיבה ספציפית?<br />תודה וסוף שבוע נעים :)<br />עידן</p>"
78630,תשובה ל: ההבדל הקטן בין טענה 4.14 לבין מסקנה 4.15,"<div class=""text_to_html"">עידן שלום,<br />
בהגדרה של פונקציה עולה ניתן גם להסתפק במקרה בו x
בהגדרה של פונקציה עולה ההבדל בין גדול או שווה לבין גדול ממש הוא ניסוחי ולא מהותי.<br />
בברכה,<br />
עדי</div>"
78469,דרישות על נקודה - הגדרות גבול ורציפות,"<p dir=""ltr"" style=""text-align:left;"">צהריים טובים,<br />שמתי לב שבהגדרת הגבול לפונקציה, קיים גבול בנקודה אם ורק אם הנקודה היא נק' הצטברות. אבל בהגדרת רציפות, שמתי לב שמדובר בנקודה סתמית - בלי דרישה מוקדמת שזו תהיה נקודת הצטברות. והגדרת הרציפות מאוד דומה להגדרת הגבול רק שבמקום הגבול, נתון הערך בנקודה. האם ההבדל בין ההגדרות קריטי? למה צריך שבהגדרת הגבול בנק', היא תהיה נקודת הצטברות, ולעומת זאת ברציפות זה לא בהכרח נכון?<br />תודה וסופ""ש נעים!<br />עידן</p>"
78633,תשובה ל: דרישות על נקודה - הגדרות גבול ורציפות,"<div class=""text_to_html"">עידן שלום,<br />
גבול יכול להיות מוגדר עבור נקודת הצטברות.<br />
בהגדרת הרציפות אין צורך לקחת רק נקודות הצטברות.<br />
עם זאת, כאשר מדובר בנקודת הצטברות, ניתן להעזר במושג הגבול על מנת לבדוק רציפות.<br />
בברכה,<br />
עדי</div>"
80171,ההבדל בין אינטגרבילית לבעלת קדומה,"<p dir=""ltr"" style=""text-align:left;"">שלום,<br />עברתי על משפט שינוי משתנה 1 (בגרסת האינטגרלים), הנה הניסוח:<br /><img src=""https://moodle.tau.ac.il/2022/pluginfile.php/247542/mod_forum/post/80171/image.png"" alt="""" class=""img-fluid"" style=""font-size:0.9375rem;"" /><br /></p><p dir=""ltr"" style=""text-align:left;"">דרוש במשפט שלפונקציה תהיה קדומה + שהיא בעצמה תהיה אינטגרבילית. מה ההבדל בין 2 הדרישות? ולמה השילוב של שתיהן הכרחי בעצם?<br />תודה ושבת שלום,<br />עידן</p>"
80687,תשובה ל: ההבדל בין אינטגרבילית לבעלת קדומה,"<div class=""text_to_html"">עידן שלום,<br />
האם בדקת את ההגדרה של פונקציה קדומה ואת ההגדרה של פונקציה אינטגרבילית?<br />
עדי</div>"
80174,שאלה על אינטגרביליות ואינטגרביליות מקומית,"<p dir=""ltr"" style=""text-align:left;"">שלום,<br />מהרשימות בפרק על אינטגרלים עולה המסקנה הזו:<img src=""https://moodle.tau.ac.il/2022/pluginfile.php/247542/mod_forum/post/80174/image.png"" alt="""" class=""img-fluid"" /></p><p dir=""ltr"" style=""text-align:left;""><img src=""https://moodle.tau.ac.il/2022/pluginfile.php/247542/mod_forum/post/80174/image%20%281%29.png"" alt="""" class=""img-fluid"" style=""font-size:0.9375rem;"" /><br /></p><p dir=""ltr"" style=""text-align:left;"">מהטענה הראשונה עולה שכל פונקציה חסומה ואינטגרבילית על קטע סגור, היא גם אינטגרבילית על כל תת קטע סגור של הקטע הסגור, ולכן נשאלת השאלה - האם ניתן להניח שכל פונקציה חסומה ואינטגרבילית היא ?גם אינטגרבילית מקומית? אם לא, אז למה לא<br />תודה רבה וסוף שבוע נעים,<br />עידן</p>"
80652,תשובה ל: שאלה על אינטגרביליות ואינטגרביליות מקומית,"<div class=""text_to_html"">היי עידן, <br />
<br />
ניתן להסיק בדיוק את מה שאמרת. שכל פונקציה חסומה ואינטגרבילית על קטע סגור היא גם אינטגרבילית מקומית. <br />
<br />
גיל בר</div>"
80177,שאלה על הניסוח של המסקנה מכלל לופיטל,"<p dir=""ltr"" style=""text-align:left;"">שלום,<br />הייתה לי שאלה לגבי המסקנה מ-2 הגרסאות של כלל לופיטל ועל ההבדלים בניסוח שם:</p><p dir=""ltr"" style=""text-align:left;""><img src=""https://moodle.tau.ac.il/2022/pluginfile.php/247542/mod_forum/post/80177/image.png"" alt="""" class=""img-fluid"" /><br /></p><p dir=""ltr"" style=""text-align:left;"">למה במקרה הראשון של לופיטל כש-2 הפונקציות שואפות ל-0, אומרים שכל איקס בסביבה המנוקבת אז הפונקציה במכנה שונה מ-0, ובמקרה השני, כשגבול הפונקציה במכנה שואף לפלוס-מינוס אינסוף, מדברים רק על סביבה ספציפית של איקסים ככה שפונקצית המכנה שונה מ-0?</p><p dir=""ltr"" style=""text-align:left;"">אשמח אם מישהו / מישהי תוכל לעזור,<br />תודה וסוף שבוע שקט,<br />עידן</p>"
80692,תשובה ל: שאלה על הניסוח של המסקנה מכלל לופיטל,"<div class=""text_to_html"">עידן שלום,<br />
השאלה שלך אומנם מתייחסת למשפט לופיטל, אך למעשה ניתן להפרידה ולדון בשתי הטענות הבאות:<br />
נתונה פונקצייה g:I\{x0}-&gt;R  גזירה ונתון כי הנגזרת של g לא מתאפסת.<br />
1) אם הגבול של g ב-x0 הוא 0 אז g לא מתאפס באף נקודה ב-I\{x0}.<br />
2) אם הגבול של g ב-x0 הוא אינסוף אז קיימת סביבה מנוקבת של x0 שבה g לא מתאפסת.<br />
<br />
נסה להוכיח טענות אלה.<br />
בברכה<br />
עדי</div>"
80178,שאלה על למה 8.19,"<p dir=""ltr"" style=""text-align:left;""><span style=""font-size:0.9375rem;"">שלום,</span></p><p dir=""ltr"" style=""text-align:left;""><span style=""font-size:0.9375rem;"">הייתה לי שאלה לגבי למה 8.19:<br /><br /><img src=""https://moodle.tau.ac.il/2022/pluginfile.php/247542/mod_forum/post/80178/image%20%282%29.png"" alt="""" class=""img-fluid"" /><br /></span></p><p dir=""ltr"" style=""text-align:left;""><span style=""font-size:0.9375rem;"">האם חובה שערך הנגזרת בנקודות איי ובי יהיה מתחת ומעל ל-0 בהתאמה? או שהוא יכול להיות שונה מ-0 בכללי? אם הוא לא יכול להיות שונה מ-0, מדוע?<br />אשמח לעזרה,<br />עידן</span></p><p dir=""ltr"" style=""text-align:left;""></p>"
80227,תשובה ל: שאלה על למה 8.19,"<div class=""text_to_html"">הי עידן, <br />
<br />
נסתכל נניח רק על סעיף 1 ועל הפונקציה f(x)=x בקטע שבין 0 ו-1 כולל. ערך הנגזרת של f ב-0 היא 1 (חיובית ממש, שונה מאפס) אבל עדיין לפונקציה f:[0,1]-&gt;R יש מינימום מקומי ב-0. <br />
<br />
גיל בר</div>"
80228,Re: תשובה ל: שאלה על למה 8.19,"<div class=""text_to_html"">עכשיו זה מובן, תודה!!</div>"
80180,שאלה על שינוי משתנה 2,"<p dir=""ltr"" style=""text-align:left;"">שלום,<br /><img src=""https://moodle.tau.ac.il/2022/pluginfile.php/247542/mod_forum/post/80180/image.png"" alt="""" class=""img-fluid"" /><br /></p><p dir=""ltr"" style=""text-align:left;"">אשמח לעזרה לגבי שינוי משתנה 2 - למה צריך שהפונקציה ההפיכה תהיה על? למה לא מבקשים הפיכות של אותה פונקציה וזהו?<br /></p><p dir=""ltr"" style=""text-align:left;"">תודה וסופ""ש נעים :)<br />עידן</p>"
80655,תשובה ל: שאלה על שינוי משתנה 2,"<div class=""text_to_html"">היי עידן, <br />
<br />
דרישת ""על"" הינה ""קלה"" יותר מאשר דרישת הפיכות. כל פונקציה הפיכה היא על (תחום הגדרתה) אך לא כל פונקציה על היא הפיכה. <br />
<br />
גיל בר</div>"
80694,תרגיל בית 5- שאלה 3ב,"<p dir=""rtl"" style=""text-align:right;"">האם אפשר לפתור את הסעיף בעזרת אותה דרך שעשינו את סעיף א?</p>"
80699,תשובה ל: תרגיל בית 5- שאלה 3ב,"<div class=""text_to_html"">כן, בחרנו להציג את שתי השיטות, ניתן גם לפתור את א' בדרך שבה פתרנו את ב'.</div>"
81146,תרגיל בית 7 שאלה 3א,"<p dir=""rtl"" style=""text-align:right;"">האם ניתן להוכיח את הרציפות על ידי שימוש בהגדרה על כל הפונקציה ככללותה? כפי שהיינו עושים ולהגדיר למדא שווה אפסילון?</p>"
81256,תשובה ל: תרגיל בית 7 שאלה 3א,"<div class=""text_to_html"">מיכל שלום,<br />
אכן ניתן להשתמש באופן ישיר בהגדרת הרציפות.<br />
בברכה,<br />
עדי</div>"
81702,"האם פונק' חסומה * פונק' ששואפת ל-0, שואפת גם ל-0?","<p dir=""ltr"" style=""text-align:left;"">שלום,<br />כשדיברנו על סדרות, היה לנו משפט בו אם נתונות 2 סדרות - האחת חסומה, והשנייה שואפת ל-0, אז מכפלת הסדרות שואפת ל-0 גם כן.<br />רציתי לשאול האם הכלל הזה תקף לפונקציות? אם כן, האם ניתן להשתמש בו באופן מיידי? או שנדרשת הוכחה פורמלית וארוכה? ואם הכלל לא תקף, מדוע?<br />תודה רבה,<br />עידן</p>"
81812,"תשובה ל: האם פונק' חסומה * פונק' ששואפת ל-0, שואפת גם ל-0?","<div class=""text_to_html"">בוקר אור עידן,<br />
ראה את טענה 7.2 בנספח שיעור 12. <br />
ממליצים  לקרוא את הנספחים על מנת למצוא טענות נוספות שימושיות. <br />
<br />
גיל בר</div>"
81711,פונקציה רציפה אך לא גזירה,"<p dir=""ltr"" style=""text-align:left;"">שלום,<br />למדנו במהלך הקורס שכל פונקציה גזירה היא רציפה, אך לא כל פונקציה רציפה היא גזירה. תוכלו לתת דוגמה לפונקציה רציפה שהיא לא גזירה?<br />תודה,<br />עידן</p>"
81814,תשובה ל: פונקציה רציפה אך לא גזירה,"<div class=""text_to_html"">בוקר אור עידן. <br />
<br />
מפנה אותך לשיעורי בית 9 סעיף ב', שם תמצא פונקציה רציפה שאינה גזירה ב-0. <br />
ממליצים לבחון תרגילי בית ואת סיכומי הקורס על מנת למצוא דוגמאות כאלה שניתנו לכם לאורך הסמסטר. <br />
<br />
גיל בר</div>"
81959,הרכבת סדרות מהטבעיים לממשיים,"צהריים טובים,<br />רציתי לשאול - אם בונים 2 סדרות מהטבעיים לממשיים, שמתפקדות כפונקציות של מספרים ממשיים. האם ניתן לבנות הרכבה עבורן?<br />תודה רבה,<br />עידן<br />"
82335,תשובה ל: הרכבת סדרות מהטבעיים לממשיים,"<div class=""text_to_html"">היי עידן,<br />
<br />
כמו כל הרכבה של פונקציות אתה צריך לבדוק אם הטווח של פונקציה אחת מתאים לתחום של אחרת. נניח יש לי שתי סדרות an,bn ומתקיים a1=7.5 ואני רוצה להרכיב את b על a. מה ההרכבה הזו תחזיר עבור 1?<br />
<br />
גיל בר</div>"
82598,Re: תשובה ל: הרכבת סדרות מהטבעיים לממשיים,"<div class=""text_to_html"">אז בהנחה שהטווחים מתאימים, לא אמורה להיות בעיה נכון?</div>"
81980,שאלות מתוך שאלות נוספות,"<p dir=""rtl"" style=""text-align:right;"">מתוך השאלות של אינטגרלים לא אמיתיים, לא הצלחתי לפתור את השאלות הבאות בנושא אינטגרלים לא אמיתיים, אפשר בבקשה הסבר איך לפתור אותן?</p><p dir=""rtl"" style=""text-align:right;"">שאלה 2, שאלה 3, שאלה 4</p><p dir=""rtl"" style=""text-align:right;""><img src=""https://moodle.tau.ac.il/2022/pluginfile.php/247542/mod_forum/post/81980/49a0816c-13b7-4b98-8d09-f57b6f1c261d.jpeg"" alt="""" class=""img-fluid"" /><br /></p>"
82340,תשובה ל: שאלות מתוך שאלות נוספות,"<div class=""text_to_html"">מרי שלום,<br />
אשמח להכווין אותך בפתרון התרגילים.<br />
נתחיל מהראשון (2).<br />
מה ניסית לעשות בכדי לפתור אותו?<br />
עדי</div>"
82071,אריתמטיקה של טורים,"בוקר טוב,<br />למדנו במהלך הקורס שטור של סדרה הוא בסופו של דבר גבול של סדרת הסכומים החלקיים שלה. לא מצאתי מסקנה דומה ברשימות, אבל האם נובע מכך באופן מיידי שאם הטור של סדרה אחת מתכנס והטור של סדרה שנייה מתכנס, אז הטור של סכום שתי הסדרות גם מתכנס והוא שווה לטור של סכום 2 הסדרות? ואם לא, אז למה?<br />תודה רבה, וסוף שבוע שקט,<br />עידן<br />"
82338,תשובה ל: אריתמטיקה של טורים,"<div class=""text_to_html"">היי עידן,<br />
<br />
כן. ההוכחה של זה היא תרגיל מצוין באריתמטיקה של גבולות של סדרות.<br />
<br />
גיל בר</div>"
82445,Re: תשובה ל: אריתמטיקה של טורים,"<div class=""text_to_html"">שלום גיל בר,<br />
האמת שרציתי להוכיח את זה - אני מנסה לחשוב האם הכיוון שחשבתי עליו הוא הכיוון המתאים. חשבתי להשתמש בנתוני השאלה ש-2 טורים נתונים מתכנסים - ולכן גם סדרות הסכומים החלקיים שלהם מתכנסות, ולכן ניתן להשתמש בהוכחה דומה להוכחת אריתמטיקה של גבולות, רק שהפעם היא עבור הסס""חים? או שיש סיכוי שמשהו יעבוד אחרת בגלל שמדובר בסכימה של איברים עבור כל איבר בסס""ח? כמו כן, האם ניתן להשתמש במסקנה הזו מבלי שאצטרך להוכיח?<br />
אשמח לעזרה,<br />
עידן</div>"
82181,תרגול 13,"<p dir=""rtl"" style=""text-align:right;"">בתרגול 13, בשאלה הנ""ל, לא מובן לי כיצד משפט היינה מתקיים, הרי הסדרה שואפת לאינסוף ולא למספר ממשי כלשהו.</p><p dir=""rtl"" style=""text-align:right;""><img src=""https://moodle.tau.ac.il/2022/pluginfile.php/247542/mod_forum/post/82181/image.png"" alt="""" class=""img-fluid"" /><br /></p>"
82341,תשובה ל: תרגול 13,"<div class=""text_to_html"">מיכל שלום,<br />
ישנה גרסה למשפט הייתה עבור סדרות השואפות לאינסוף.<br />
עדי</div>"